id,id.1,code_id_1,code_id_2,label
531,531,1451,1452,1
3893,3893,16613,16614,0
1042,1042,3335,3336,0
383,383,971,972,0
1498,1498,4977,4978,0
647,647,2206,2207,1
697,697,2335,2336,1
3596,3596,15857,15858,0
530,530,1449,1450,1
1627,1627,5616,5617,1
659,659,2230,2231,1
3500,3500,15285,15286,0
2757,2757,8031,8032,0
691,691,2320,2321,1
1635,1635,5640,5641,1
3120,3120,8998,8999,1
1095,1095,3478,3479,0
596,596,1581,1582,0
172,172,440,441,0
1634,1634,5637,5638,1
686,686,2309,2310,1
689,689,2316,2317,1
1626,1626,5614,5615,1
1380,1380,4106,4107,0
1635,1635,5640,5641,1
1625,1625,5612,5613,1
2185,2185,6845,6846,0
545,545,1479,1480,0
660,660,2232,2233,1
2811,2811,8158,8159,0
3004,3004,8691,8692,1
546,546,1481,1482,0
696,696,2333,2334,0
1639,1639,5652,5653,1
691,691,2320,2321,1
3004,3004,8691,8692,1
1625,1625,5612,5613,1
3146,3146,9071,9072,1
2248,2248,6971,6972,0
2968,2968,8590,8591,0
1637,1637,5648,5649,1
1624,1624,5610,5611,1
1639,1639,5652,5653,1
49,49,120,121,0
3126,3126,9011,9012,1
693,693,2324,2325,1
3994,3994,16888,16889,0
1637,1637,5648,5649,1
3921,3921,16711,16712,0
4011,4011,16936,16937,1
1342,1342,4030,4031,0
3147,3147,9083,9084,1
3207,3207,9250,9251,0
3157,3157,9107,9108,1
3004,3004,8691,8692,1
2310,2310,7095,7096,0
3120,3120,8998,8999,1
1637,1637,5648,5649,1
1702,1702,5799,5800,1
3445,3445,14297,14298,0
693,693,2324,2325,1
115,115,291,292,1
43,43,108,109,0
1639,1639,5652,5653,1
1639,1639,5652,5653,1
2284,2284,7043,7044,0
3004,3004,8691,8692,1
4244,4244,17520,17521,0
2945,2945,8538,8539,0
530,530,1449,1450,1
2620,2620,7724,7725,0
3259,3259,9361,9362,0
2438,2438,7356,7357,0
2092,2092,6652,6653,0
870,870,2732,2733,0
678,678,2293,2294,1
3120,3120,8998,8999,1
4053,4053,17021,17022,0
492,492,1373,1374,0
2983,2983,8628,8629,1
3122,3122,9002,9003,0
1210,1210,3765,3766,0
2047,2047,6562,6563,0
1627,1627,5616,5617,1
1641,1641,5656,5657,1
426,426,1063,1064,0
3511,3511,15657,15658,0
3075,3075,8858,8859,1
2775,2775,8074,8075,0
2440,2440,7360,7361,0
441,441,1141,1142,0
2164,2164,6803,6804,0
2747,2747,8011,8012,0
3613,3613,15894,15895,0
3499,3499,14732,14733,1
1320,1320,3986,3987,0
873,873,2738,2739,0
1750,1750,5914,5915,0
1438,1438,4687,4688,0
2452,2452,7384,7385,0
3156,3156,9105,9106,1
1796,1796,6026,6027,0
646,646,2204,2205,1
3908,3908,16685,16686,1
4184,4184,17392,17393,0
1635,1635,5640,5641,1
3888,3888,16599,16600,0
2838,2838,8224,8225,0
689,689,2316,2317,1
2420,2420,7315,7316,0
794,794,2570,2571,0
318,318,795,796,0
1603,1603,5562,5563,1
4011,4011,16936,16937,1
2866,2866,8295,8296,0
1624,1624,5610,5611,1
1318,1318,3982,3983,0
1623,1623,5608,5609,1
1635,1635,5640,5641,1
1817,1817,6077,6078,0
3157,3157,9107,9108,1
1515,1515,5101,5102,0
1627,1627,5616,5617,1
3659,3659,16043,16044,0
686,686,2309,2310,1
1376,1376,4098,4099,1
1491,1491,4962,4963,1
3150,3150,9089,9090,1
2077,2077,6622,6623,0
694,694,2326,2327,1
120,120,301,302,0
3129,3129,9017,9018,1
687,687,2312,2313,0
2864,2864,8290,8291,0
686,686,2309,2310,1
1639,1639,5652,5653,1
686,686,2309,2310,1
3227,3227,9293,9294,0
1200,1200,3705,3706,0
4242,4242,17516,17517,0
3040,3040,8783,8784,0
1577,1577,5350,5351,0
3075,3075,8858,8859,1
1625,1625,5612,5613,1
212,212,569,570,0
1376,1376,4098,4099,1
3075,3075,8858,8859,1
3000,3000,8683,8684,1
257,257,663,664,0
2506,2506,7494,7495,0
3310,3310,9484,9485,0
691,691,2320,2321,1
1640,1640,5654,5655,1
1549,1549,5234,5235,0
4011,4011,16936,16937,1
1634,1634,5637,5638,1
2055,2055,6578,6579,0
1634,1634,5637,5638,1
1627,1627,5616,5617,1
3452,3452,14311,14312,0
115,115,291,292,1
3157,3157,9107,9108,1
1894,1894,6250,6251,0
3640,3640,15968,15969,1
2541,2541,7564,7565,0
646,646,2204,2205,1
646,646,2204,2205,1
1630,1630,5626,5627,1
1478,1478,4934,4935,0
3307,3307,9478,9479,0
4011,4011,16936,16937,1
660,660,2232,2233,1
686,686,2309,2310,1
163,163,422,423,1
1747,1747,5908,5909,0
2396,2396,7267,7268,0
3861,3861,16528,16529,0
2149,2149,6766,6767,0
3146,3146,9071,9072,1
3489,3489,14423,14424,0
3639,3639,15966,15967,1
3148,3148,9085,9086,1
647,647,2206,2207,1
2790,2790,8104,8105,0
1506,1506,4995,4996,0
3515,3515,15665,15666,0
1635,1635,5640,5641,1
2724,2724,7963,7964,0
583,583,1555,1556,1
3733,3733,16231,16232,0
1257,1257,3859,3860,0
581,581,1551,1552,1
2817,2817,8170,8171,0
1706,1706,5808,5809,0
1376,1376,4098,4099,1
3120,3120,8998,8999,1
3156,3156,9105,9106,1
798,798,2578,2579,0
3910,3910,16689,16690,0
382,382,969,970,1
1702,1702,5799,5800,1
506,506,1401,1402,0
1642,1642,5658,5659,1
2366,2366,7207,7208,0
163,163,422,423,1
453,453,1291,1292,0
272,272,698,699,0
2709,2709,7933,7934,0
1702,1702,5799,5800,1
3146,3146,9071,9072,1
2491,2491,7464,7465,0
608,608,1605,1606,1
3147,3147,9083,9084,1
2327,2327,7129,7130,0
1628,1628,5621,5622,1
1624,1624,5610,5611,1
686,686,2309,2310,1
1828,1828,6115,6116,0
1039,1039,3329,3330,0
482,482,1353,1354,1
3048,3048,8801,8802,0
1139,1139,3568,3569,0
3665,3665,16058,16059,0
529,529,1447,1448,1
3126,3126,9011,9012,1
2992,2992,8663,8664,0
1952,1952,6368,6369,0
1614,1614,5588,5589,0
1642,1642,5658,5659,1
3147,3147,9083,9084,1
163,163,422,423,1
3147,3147,9083,9084,1
3600,3600,15866,15867,0
530,530,1449,1450,1
3318,3318,9500,9501,0
1628,1628,5621,5622,1
4028,4028,16971,16972,0
869,869,2730,2731,0
3840,3840,16464,16465,0
408,408,1022,1023,0
1913,1913,6290,6291,0
4100,4100,17149,17150,0
3832,3832,16448,16449,0
3300,3300,9464,9465,0
581,581,1551,1552,1
1087,1087,3462,3463,0
3908,3908,16685,16686,1
1376,1376,4098,4099,1
3640,3640,15968,15969,1
370,370,938,939,0
3787,3787,16354,16355,0
788,788,2558,2559,0
3132,3132,9023,9024,0
532,532,1453,1454,1
1629,1629,5623,5624,1
482,482,1353,1354,1
4086,4086,17119,17120,0
608,608,1605,1606,1
1634,1634,5637,5638,1
1981,1981,6427,6428,0
2298,2298,7071,7072,0
3839,3839,16462,16463,0
2953,2953,8560,8561,0
3152,3152,9097,9098,1
1631,1631,5630,5631,1
2614,2614,7710,7711,0
689,689,2316,2317,1
581,581,1551,1552,1
3075,3075,8858,8859,1
1627,1627,5616,5617,1
3975,3975,16847,16848,1
1633,1633,5635,5636,1
3610,3610,15888,15889,0
3598,3598,15862,15863,0
1626,1626,5614,5615,1
678,678,2293,2294,1
209,209,563,564,0
645,645,2202,2203,1
3620,3620,15928,15929,0
633,633,2173,2174,0
1423,1423,4260,4261,0
1644,1644,5662,5663,0
1491,1491,4962,4963,1
1637,1637,5648,5649,1
3075,3075,8858,8859,1
694,694,2326,2327,1
3508,3508,15313,15314,0
3929,3929,16727,16728,0
926,926,3059,3060,0
659,659,2230,2231,1
3821,3821,16426,16427,0
1491,1491,4962,4963,1
2624,2624,7742,7743,0
1629,1629,5623,5624,1
3125,3125,9009,9010,1
4011,4011,16936,16937,1
1260,1260,3865,3866,0
1855,1855,6170,6171,0
2839,2839,8226,8227,0
968,968,3155,3156,0
1650,1650,5674,5675,0
894,894,2890,2891,0
617,617,1623,1624,1
4090,4090,17127,17128,0
693,693,2324,2325,1
3872,3872,16554,16555,0
1616,1616,5592,5593,0
2,2,6,7,0
2983,2983,8628,8629,1
608,608,1605,1606,1
1642,1642,5658,5659,1
804,804,2590,2591,0
1625,1625,5612,5613,1
3642,3642,15972,15973,0
3157,3157,9107,9108,1
1361,1361,4068,4069,0
583,583,1555,1556,1
608,608,1605,1606,1
101,101,255,256,0
2326,2326,7127,7128,0
1333,1333,4012,4013,0
1590,1590,5525,5526,0
1976,1976,6417,6418,0
2664,2664,7843,7844,0
3828,3828,16440,16441,0
22,22,59,60,0
575,575,1539,1540,0
686,686,2309,2310,1
693,693,2324,2325,1
326,326,813,814,0
3152,3152,9097,9098,1
640,640,2192,2193,0
646,646,2204,2205,1
3499,3499,14732,14733,1
244,244,637,638,0
1642,1642,5658,5659,1
3154,3154,9101,9102,1
1892,1892,6246,6247,0
3154,3154,9101,9102,1
689,689,2316,2317,1
309,309,777,778,1
3322,3322,9508,9509,0
1271,1271,3887,3888,0
1984,1984,6433,6434,0
1631,1631,5630,5631,1
2706,2706,7927,7928,0
1635,1635,5640,5641,1
3007,3007,8697,8698,0
602,602,1593,1594,0
2460,2460,7400,7401,0
1634,1634,5637,5638,1
1954,1954,6372,6373,0
659,659,2230,2231,1
768,768,2504,2505,0
3125,3125,9009,9010,1
2091,2091,6650,6651,0
3456,3456,14319,14320,0
2237,2237,6949,6950,0
1023,1023,3281,3282,0
3075,3075,8858,8859,1
3800,3800,16380,16381,0
1479,1479,4936,4937,0
2285,2285,7045,7046,0
808,808,2598,2599,0
3680,3680,16102,16103,0
1635,1635,5640,5641,1
3146,3146,9071,9072,1
1287,1287,3919,3920,0
1627,1627,5616,5617,1
1628,1628,5621,5622,1
221,221,590,591,0
3129,3129,9017,9018,1
3126,3126,9011,9012,1
3638,3638,15964,15965,1
1490,1490,4960,4961,0
3676,3676,16093,16094,1
2365,2365,7205,7206,0
1635,1635,5640,5641,1
3609,3609,15886,15887,0
24,24,63,64,0
582,582,1553,1554,1
1916,1916,6296,6297,0
482,482,1353,1354,1
583,583,1555,1556,1
1634,1634,5637,5638,1
3519,3519,15677,15678,0
498,498,1385,1386,0
3819,3819,16421,16422,0
3000,3000,8683,8684,1
382,382,969,970,1
3146,3146,9071,9072,1
1623,1623,5608,5609,1
1453,1453,4879,4880,0
3126,3126,9011,9012,1
1631,1631,5630,5631,1
507,507,1403,1404,0
1171,1171,3647,3648,0
3676,3676,16093,16094,1
697,697,2335,2336,1
2944,2944,8536,8537,0
1548,1548,5232,5233,0
3079,3079,8887,8888,0
1873,1873,6206,6207,0
1802,1802,6038,6039,0
2201,2201,6877,6878,0
3146,3146,9071,9072,1
531,531,1451,1452,1
1491,1491,4962,4963,1
1640,1640,5654,5655,1
617,617,1623,1624,1
608,608,1605,1606,1
382,382,969,970,1
3157,3157,9107,9108,1
2995,2995,8669,8670,0
2003,2003,6472,6473,0
659,659,2230,2231,1
3186,3186,9180,9181,0
420,420,1051,1052,0
1227,1227,3799,3800,0
679,679,2295,2296,1
532,532,1453,1454,1
2448,2448,7376,7377,0
583,583,1555,1556,1
3791,3791,16362,16363,0
465,465,1319,1320,0
697,697,2335,2336,1
3553,3553,15764,15765,0
3083,3083,8902,8903,0
1228,1228,3801,3802,0
2441,2441,7362,7363,0
1638,1638,5650,5651,1
3004,3004,8691,8692,1
3566,3566,15793,15794,0
2308,2308,7091,7092,0
1630,1630,5626,5627,1
659,659,2230,2231,1
3148,3148,9085,9086,1
2930,2930,8508,8509,0
532,532,1453,1454,1
689,689,2316,2317,1
3358,3358,9594,9595,0
1635,1635,5640,5641,1
248,248,645,646,0
1912,1912,6288,6289,0
2492,2492,7466,7467,0
3125,3125,9009,9010,1
835,835,2657,2658,0
1642,1642,5658,5659,1
2921,2921,8490,8491,0
2640,2640,7786,7787,0
617,617,1623,1624,1
678,678,2293,2294,1
2630,2630,7766,7767,0
659,659,2230,2231,1
4070,4070,17060,17061,0
3000,3000,8683,8684,1
333,333,860,861,0
4042,4042,16999,17000,0
3886,3886,16593,16594,0
580,580,1549,1550,0
1763,1763,5943,5944,0
2531,2531,7544,7545,0
2144,2144,6756,6757,0
309,309,777,778,1
1374,1374,4094,4095,0
3148,3148,9085,9086,1
2538,2538,7558,7559,0
689,689,2316,2317,1
828,828,2643,2644,0
645,645,2202,2203,1
678,678,2293,2294,1
1491,1491,4962,4963,1
1820,1820,6083,6084,0
3146,3146,9071,9072,1
123,123,307,308,0
2276,2276,7027,7028,0
2542,2542,7566,7567,0
1641,1641,5656,5657,1
691,691,2320,2321,1
1638,1638,5650,5651,1
746,746,2460,2461,0
2519,2519,7520,7521,0
2669,2669,7853,7854,0
2763,2763,8044,8045,0
2314,2314,7103,7104,0
532,532,1453,1454,1
2012,2012,6490,6491,0
1348,1348,4042,4043,0
3129,3129,9017,9018,1
529,529,1447,1448,1
3150,3150,9089,9090,1
1635,1635,5640,5641,1
1116,1116,3520,3521,0
3614,3614,15896,15897,0
3499,3499,14732,14733,1
1630,1630,5626,5627,1
3682,3682,16114,16115,0
382,382,969,970,1
3049,3049,8803,8804,0
1639,1639,5652,5653,1
1639,1639,5652,5653,1
4011,4011,16936,16937,1
2453,2453,7386,7387,0
2356,2356,7187,7188,0
531,531,1451,1452,1
1639,1639,5652,5653,1
219,219,583,584,0
1639,1639,5652,5653,1
1627,1627,5616,5617,1
1635,1635,5640,5641,1
1662,1662,5700,5701,0
3728,3728,16221,16222,0
3126,3126,9011,9012,1
3088,3088,8918,8919,1
1586,1586,5368,5369,0
3075,3075,8858,8859,1
3000,3000,8683,8684,1
1405,1405,4156,4157,0
3348,3348,9572,9573,0
617,617,1623,1624,1
2029,2029,6525,6526,0
836,836,2659,2660,0
1197,1197,3699,3700,0
1325,1325,3996,3997,0
671,671,2278,2279,0
1857,1857,6174,6175,0
697,697,2335,2336,1
3267,3267,9378,9379,0
2413,2413,7301,7302,0
1639,1639,5652,5653,1
528,528,1445,1446,1
3156,3156,9105,9106,1
1625,1625,5612,5613,1
1639,1639,5652,5653,1
3826,3826,16436,16437,0
2648,2648,7808,7809,0
1936,1936,6336,6337,0
617,617,1623,1624,1
4067,4067,17054,17055,0
3595,3595,15855,15856,0
3004,3004,8691,8692,1
3129,3129,9017,9018,1
529,529,1447,1448,1
608,608,1605,1606,1
1789,1789,6012,6013,0
3154,3154,9101,9102,1
3676,3676,16093,16094,1
2271,2271,7017,7018,0
1194,1194,3693,3694,0
1628,1628,5621,5622,1
1642,1642,5658,5659,1
2249,2249,6973,6974,0
3156,3156,9105,9106,1
1634,1634,5637,5638,1
2174,2174,6823,6824,0
1623,1623,5608,5609,1
1638,1638,5650,5651,1
3394,3394,9735,9736,0
311,311,781,782,0
796,796,2574,2575,0
4084,4084,17099,17100,0
2093,2093,6654,6655,0
3148,3148,9085,9086,1
583,583,1555,1556,1
3639,3639,15966,15967,1
1630,1630,5626,5627,1
3366,3366,9611,9612,0
2593,2593,7668,7669,0
532,532,1453,1454,1
2983,2983,8628,8629,1
529,529,1447,1448,1
1376,1376,4098,4099,1
1625,1625,5612,5613,1
227,227,602,603,0
651,651,2214,2215,0
689,689,2316,2317,1
3088,3088,8918,8919,1
3604,3604,15876,15877,0
4218,4218,17462,17463,1
2337,2337,7149,7150,0
694,694,2326,2327,1
2674,2674,7863,7864,0
192,192,525,526,0
3364,3364,9607,9608,0
820,820,2627,2628,0
3906,3906,16681,16682,0
3559,3559,15776,15777,0
2900,2900,8425,8426,0
1626,1626,5614,5615,1
2041,2041,6550,6551,0
3894,3894,16616,16617,0
2665,2665,7845,7846,0
1629,1629,5623,5624,1
1491,1491,4962,4963,1
2808,2808,8151,8152,0
881,881,2796,2797,0
530,530,1449,1450,1
3000,3000,8683,8684,1
1420,1420,4251,4252,0
1626,1626,5614,5615,1
1721,1721,5851,5852,0
3000,3000,8683,8684,1
3836,3836,16456,16457,0
2861,2861,8283,8284,0
2852,2852,8252,8253,0
1623,1623,5608,5609,1
3784,3784,16348,16349,0
530,530,1449,1450,1
693,693,2324,2325,1
225,225,598,599,0
491,491,1371,1372,0
3638,3638,15964,15965,1
531,531,1451,1452,1
765,765,2498,2499,0
3562,3562,15785,15786,0
1627,1627,5616,5617,1
567,567,1523,1524,0
3088,3088,8918,8919,1
3166,3166,9136,9137,0
993,993,3214,3215,0
228,228,604,605,0
991,991,3210,3211,0
3293,3293,9447,9448,0
1182,1182,3669,3670,0
3152,3152,9097,9098,1
1631,1631,5630,5631,1
2526,2526,7534,7535,0
583,583,1555,1556,1
678,678,2293,2294,1
1540,1540,5185,5186,0
3152,3152,9097,9098,1
1521,1521,5130,5131,0
678,678,2293,2294,1
3676,3676,16093,16094,1
4011,4011,16936,16937,1
583,583,1555,1556,1
1979,1979,6423,6424,0
4195,4195,17414,17415,0
3639,3639,15966,15967,1
2394,2394,7263,7264,0
645,645,2202,2203,1
3152,3152,9097,9098,1
1799,1799,6032,6033,0
3015,3015,8713,8714,0
1702,1702,5799,5800,1
482,482,1353,1354,1
2474,2474,7430,7431,0
4259,4259,17550,17551,0
3088,3088,8918,8919,1
4012,4012,16938,16939,0
582,582,1553,1554,1
1415,1415,4176,4177,0
1629,1629,5623,5624,1
1376,1376,4098,4099,1
3415,3415,9777,9778,0
2910,2910,8450,8451,0
531,531,1451,1452,1
1633,1633,5635,5636,1
3570,3570,15805,15806,0
3286,3286,9433,9434,0
1630,1630,5626,5627,1
531,531,1451,1452,1
3639,3639,15966,15967,1
4228,4228,17482,17483,0
531,531,1451,1452,1
33,33,84,85,0
3803,3803,16387,16388,0
3980,3980,16860,16861,0
2220,2220,6915,6916,0
2591,2591,7664,7665,0
482,482,1353,1354,1
3000,3000,8683,8684,1
3863,3863,16533,16534,0
2084,2084,6636,6637,0
1303,1303,3951,3952,0
1624,1624,5610,5611,1
3126,3126,9011,9012,1
1625,1625,5612,5613,1
76,76,197,198,0
3063,3063,8831,8832,0
3126,3126,9011,9012,1
163,163,422,423,1
3781,3781,16339,16340,0
3908,3908,16685,16686,1
1762,1762,5941,5942,0
564,564,1517,1518,0
2444,2444,7368,7369,0
660,660,2232,2233,1
1541,1541,5187,5188,0
1641,1641,5656,5657,1
1624,1624,5610,5611,1
4186,4186,17396,17397,0
530,530,1449,1450,1
1624,1624,5610,5611,1
1623,1623,5608,5609,1
660,660,2232,2233,1
1297,1297,3939,3940,0
659,659,2230,2231,1
3462,3462,14331,14332,0
3088,3088,8918,8919,1
1212,1212,3769,3770,0
1627,1627,5616,5617,1
1923,1923,6310,6311,0
1501,1501,4983,4984,0
3129,3129,9017,9018,1
1432,1432,4527,4528,0
3251,3251,9344,9345,0
163,163,422,423,1
3004,3004,8691,8692,1
646,646,2204,2205,1
1076,1076,3422,3423,0
2482,2482,7446,7447,0
957,957,3133,3134,0
238,238,625,626,0
3852,3852,16499,16500,0
1627,1627,5616,5617,1
2742,2742,8001,8002,0
1629,1629,5623,5624,1
902,902,2978,2979,0
706,706,2369,2370,0
3747,3747,16261,16262,0
3934,3934,16741,16742,0
1629,1629,5623,5624,1
3156,3156,9105,9106,1
3334,3334,9543,9544,0
1731,1731,5872,5873,0
3668,3668,16064,16065,0
216,216,577,578,0
2234,2234,6943,6944,0
3088,3088,8918,8919,1
3244,3244,9329,9330,0
1627,1627,5616,5617,1
2087,2087,6642,6643,0
1631,1631,5630,5631,1
530,530,1449,1450,1
1293,1293,3931,3932,0
2299,2299,7073,7074,0
2239,2239,6953,6954,0
1628,1628,5621,5622,1
3851,3851,16496,16497,0
3025,3025,8741,8742,0
1626,1626,5614,5615,1
3757,3757,16285,16286,0
1173,1173,3651,3652,0
3024,3024,8739,8740,0
1624,1624,5610,5611,1
3638,3638,15964,15965,1
3146,3146,9071,9072,1
3640,3640,15968,15969,1
2156,2156,6782,6783,0
694,694,2326,2327,1
125,125,311,312,0
3685,3685,16122,16123,0
336,336,866,867,0
3962,3962,16817,16818,0
683,683,2303,2304,0
3248,3248,9338,9339,0
4125,4125,17211,17212,0
2375,2375,7225,7226,0
1608,1608,5576,5577,0
1648,1648,5670,5671,0
2760,2760,8037,8038,0
4218,4218,17462,17463,1
1624,1624,5610,5611,1
3000,3000,8683,8684,1
3173,3173,9153,9154,0
1641,1641,5656,5657,1
646,646,2204,2205,1
1610,1610,5580,5581,0
818,818,2623,2624,0
693,693,2324,2325,1
1626,1626,5614,5615,1
694,694,2326,2327,1
197,197,536,537,0
3152,3152,9097,9098,1
3107,3107,8971,8972,0
488,488,1365,1366,0
3813,3813,16409,16410,0
1639,1639,5652,5653,1
2633,2633,7772,7773,0
1638,1638,5650,5651,1
462,462,1313,1314,0
2983,2983,8628,8629,1
1387,1387,4120,4121,0
3177,3177,9161,9162,0
583,583,1555,1556,1
528,528,1445,1446,1
2914,2914,8459,8460,0
3676,3676,16093,16094,1
530,530,1449,1450,1
4011,4011,16936,16937,1
419,419,1049,1050,0
4152,4152,17312,17313,0
1028,1028,3291,3292,0
3232,3232,9304,9305,0
3148,3148,9085,9086,1
529,529,1447,1448,1
3564,3564,15789,15790,0
1631,1631,5630,5631,1
4095,4095,17137,17138,0
4057,4057,17030,17031,0
3948,3948,16772,16773,0
1832,1832,6123,6124,0
80,80,205,206,0
511,511,1411,1412,0
239,239,627,628,0
1835,1835,6129,6130,0
3148,3148,9085,9086,1
3909,3909,16687,16688,0
157,157,410,411,0
4060,4060,17036,17037,0
2024,2024,6515,6516,0
3075,3075,8858,8859,1
1812,1812,6058,6059,0
581,581,1551,1552,1
255,255,659,660,0
401,401,1008,1009,0
529,529,1447,1448,1
4110,4110,17175,17176,0
2644,2644,7800,7801,0
686,686,2309,2310,1
1002,1002,3232,3233,0
570,570,1529,1530,0
3795,3795,16370,16371,0
1491,1491,4962,4963,1
617,617,1623,1624,1
301,301,761,762,0
694,694,2326,2327,1
1921,1921,6306,6307,0
4218,4218,17462,17463,1
2197,2197,6869,6870,0
1491,1491,4962,4963,1
141,141,361,362,0
3639,3639,15966,15967,1
3333,3333,9541,9542,0
4119,4119,17199,17200,0
1627,1627,5616,5617,1
3156,3156,9105,9106,1
3020,3020,8723,8724,0
1623,1623,5608,5609,1
4136,4136,17254,17255,0
1633,1633,5635,5636,1
1669,1669,5721,5722,0
3150,3150,9089,9090,1
3000,3000,8683,8684,1
3150,3150,9089,9090,1
4162,4162,17332,17333,0
1631,1631,5630,5631,1
2270,2270,7015,7016,0
647,647,2206,2207,1
309,309,777,778,1
1448,1448,4842,4843,0
1670,1670,5723,5724,0
2815,2815,8166,8167,0
3148,3148,9085,9086,1
4011,4011,16936,16937,1
647,647,2206,2207,1
3639,3639,15966,15967,1
531,531,1451,1452,1
3,3,8,9,0
660,660,2232,2233,1
1627,1627,5616,5617,1
3075,3075,8858,8859,1
297,297,753,754,0
1624,1624,5610,5611,1
3088,3088,8918,8919,1
581,581,1551,1552,1
531,531,1451,1452,1
1376,1376,4098,4099,1
672,672,2280,2281,0
1247,1247,3839,3840,0
3258,3258,9359,9360,0
1815,1815,6069,6070,0
2902,2902,8429,8430,0
3154,3154,9101,9102,1
582,582,1553,1554,1
3154,3154,9101,9102,1
421,421,1053,1054,0
147,147,389,390,0
2694,2694,7903,7904,0
3000,3000,8683,8684,1
97,97,245,246,0
925,925,3057,3058,0
2232,2232,6939,6940,0
3409,3409,9765,9766,0
2166,2166,6807,6808,0
1480,1480,4938,4939,0
2936,2936,8520,8521,0
3756,3756,16283,16284,0
3150,3150,9089,9090,1
1083,1083,3454,3455,0
328,328,817,818,0
1594,1594,5533,5534,0
2682,2682,7879,7880,0
3499,3499,14732,14733,1
1639,1639,5652,5653,1
1006,1006,3242,3243,0
2983,2983,8628,8629,1
583,583,1555,1556,1
1957,1957,6378,6379,0
1376,1376,4098,4099,1
2186,2186,6847,6848,0
3058,3058,8821,8822,0
3299,3299,9462,9463,0
608,608,1605,1606,1
1635,1635,5640,5641,1
1603,1603,5562,5563,1
1911,1911,6286,6287,0
2422,2422,7319,7320,0
2881,2881,8364,8365,0
3156,3156,9105,9106,1
3088,3088,8918,8919,1
1391,1391,4128,4129,0
1037,1037,3325,3326,0
1434,1434,4657,4658,0
3539,3539,15730,15731,0
3369,3369,9681,9682,0
1746,1746,5906,5907,0
3152,3152,9097,9098,1
2370,2370,7215,7216,0
1603,1603,5562,5563,1
3152,3152,9097,9098,1
252,252,653,654,0
482,482,1353,1354,1
3004,3004,8691,8692,1
638,638,2188,2189,0
3152,3152,9097,9098,1
512,512,1413,1414,0
1376,1376,4098,4099,1
1642,1642,5658,5659,1
3484,3484,14413,14414,0
1376,1376,4098,4099,1
163,163,422,423,1
1375,1375,4096,4097,0
1029,1029,3309,3310,0
1630,1630,5626,5627,1
3120,3120,8998,8999,1
3148,3148,9085,9086,1
1613,1613,5586,5587,0
425,425,1061,1062,0
1633,1633,5635,5636,1
1785,1785,6004,6005,0
2274,2274,7023,7024,0
2576,2576,7634,7635,0
1702,1702,5799,5800,1
3908,3908,16685,16686,1
3485,3485,14415,14416,0
2991,2991,8661,8662,0
2332,2332,7139,7140,0
115,115,291,292,1
529,529,1447,1448,1
2292,2292,7059,7060,0
3150,3150,9089,9090,1
1502,1502,4987,4988,0
647,647,2206,2207,1
2390,2390,7255,7256,0
1642,1642,5658,5659,1
697,697,2335,2336,1
1630,1630,5626,5627,1
1848,1848,6155,6156,0
4217,4217,17460,17461,0
3324,3324,9521,9522,0
1262,1262,3869,3870,0
478,478,1345,1346,0
3120,3120,8998,8999,1
941,941,3100,3101,0
1603,1603,5562,5563,1
1845,1845,6149,6150,0
2754,2754,8025,8026,0
660,660,2232,2233,1
689,689,2316,2317,1
864,864,2720,2721,0
1767,1767,5951,5952,0
3158,3158,9110,9111,0
115,115,291,292,1
581,581,1551,1552,1
3380,3380,9707,9708,0
4197,4197,17418,17419,0
3156,3156,9105,9106,1
2498,2498,7478,7479,0
1224,1224,3793,3794,0
1689,1689,5761,5762,0
1307,1307,3959,3960,0
1638,1638,5650,5651,1
1702,1702,5799,5800,1
1630,1630,5626,5627,1
2525,2525,7532,7533,0
2645,2645,7802,7803,0
1702,1702,5799,5800,1
3447,3447,14301,14302,0
2971,2971,8596,8597,0
2290,2290,7055,7056,0
532,532,1453,1454,1
2597,2597,7676,7677,0
1628,1628,5621,5622,1
1877,1877,6215,6216,0
3776,3776,16327,16328,0
1396,1396,4138,4139,0
529,529,1447,1448,1
1259,1259,3863,3864,0
3908,3908,16685,16686,1
650,650,2212,2213,0
2868,2868,8299,8300,0
3154,3154,9101,9102,1
115,115,291,292,1
1630,1630,5626,5627,1
1842,1842,6143,6144,0
1629,1629,5623,5624,1
3638,3638,15964,15965,1
530,530,1449,1450,1
294,294,747,748,0
2823,2823,8183,8184,0
694,694,2326,2327,1
3225,3225,9286,9287,0
3449,3449,14305,14306,0
1623,1623,5608,5609,1
3152,3152,9097,9098,1
372,372,942,943,0
1629,1629,5623,5624,1
659,659,2230,2231,1
3467,3467,14342,14343,0
1376,1376,4098,4099,1
4011,4011,16936,16937,1
529,529,1447,1448,1
693,693,2324,2325,1
689,689,2316,2317,1
87,87,219,220,0
2952,2952,8558,8559,0
531,531,1451,1452,1
693,693,2324,2325,1
27,27,72,73,0
1638,1638,5650,5651,1
3075,3075,8858,8859,1
1603,1603,5562,5563,1
3453,3453,14313,14314,0
3676,3676,16093,16094,1
1564,1564,5324,5325,0
2578,2578,7638,7639,0
648,648,2208,2209,0
2922,2922,8492,8493,0
3176,3176,9159,9160,0
1702,1702,5799,5800,1
3654,3654,16014,16015,0
1642,1642,5658,5659,1
3156,3156,9105,9106,1
1626,1626,5614,5615,1
2109,2109,6686,6687,0
4,4,15,16,0
3834,3834,16452,16453,0
1637,1637,5648,5649,1
117,117,295,296,0
342,342,878,879,0
3148,3148,9085,9086,1
2002,2002,6470,6471,0
529,529,1447,1448,1
3643,3643,15975,15976,0
4011,4011,16936,16937,1
215,215,575,576,0
1638,1638,5650,5651,1
697,697,2335,2336,1
679,679,2295,2296,1
532,532,1453,1454,1
3150,3150,9089,9090,1
630,630,1802,1803,0
3152,3152,9097,9098,1
163,163,422,423,1
3638,3638,15964,15965,1
693,693,2324,2325,1
3495,3495,14514,14515,0
618,618,1625,1626,0
659,659,2230,2231,1
1633,1633,5635,5636,1
4235,4235,17496,17497,0
2834,2834,8216,8217,0
1133,1133,3556,3557,0
4218,4218,17462,17463,1
384,384,973,974,0
529,529,1447,1448,1
309,309,777,778,1
3129,3129,9017,9018,1
647,647,2206,2207,1
689,689,2316,2317,1
359,359,916,917,0
4116,4116,17191,17192,0
3120,3120,8998,8999,1
1642,1642,5658,5659,1
626,626,1660,1661,0
2603,2603,7688,7689,0
1720,1720,5849,5850,0
3297,3297,9458,9459,0
3540,3540,15733,15734,0
4185,4185,17394,17395,0
1250,1250,3845,3846,0
694,694,2326,2327,1
608,608,1605,1606,1
1629,1629,5623,5624,1
1426,1426,4353,4354,0
3589,3589,15843,15844,0
691,691,2320,2321,1
58,58,138,139,0
2355,2355,7185,7186,0
1622,1622,5606,5607,0
1146,1146,3597,3598,0
482,482,1353,1354,1
3124,3124,9006,9007,0
3639,3639,15966,15967,1
3075,3075,8858,8859,1
994,994,3216,3217,0
3612,3612,15892,15893,0
1641,1641,5656,5657,1
3148,3148,9085,9086,1
691,691,2320,2321,1
3118,3118,8993,8994,0
1628,1628,5621,5622,1
1638,1638,5650,5651,1
1898,1898,6258,6259,0
1012,1012,3259,3260,0
3039,3039,8781,8782,0
581,581,1551,1552,1
3816,3816,16415,16416,0
645,645,2202,2203,1
382,382,969,970,1
583,583,1555,1556,1
1801,1801,6036,6037,0
1630,1630,5626,5627,1
1702,1702,5799,5800,1
1638,1638,5650,5651,1
3174,3174,9155,9156,0
1552,1552,5240,5241,0
1571,1571,5338,5339,0
581,581,1551,1552,1
1722,1722,5853,5854,0
3466,3466,14339,14340,0
2387,2387,7249,7250,0
2845,2845,8238,8239,0
1819,1819,6081,6082,0
2463,2463,7406,7407,0
3652,3652,16010,16011,0
3745,3745,16257,16258,0
1010,1010,3255,3256,0
935,935,3088,3089,0
1702,1702,5799,5800,1
309,309,777,778,1
3473,3473,14358,14359,0
853,853,2698,2699,0
608,608,1605,1606,1
659,659,2230,2231,1
532,532,1453,1454,1
1639,1639,5652,5653,1
645,645,2202,2203,1
104,104,262,263,0
689,689,2316,2317,1
581,581,1551,1552,1
2126,2126,6720,6721,0
2252,2252,6979,6980,0
1628,1628,5621,5622,1
3630,3630,15948,15949,0
691,691,2320,2321,1
309,309,777,778,1
3488,3488,14421,14422,0
1026,1026,3287,3288,0
1634,1634,5637,5638,1
1627,1627,5616,5617,1
3709,3709,16177,16178,0
1635,1635,5640,5641,1
1603,1603,5562,5563,1
3857,3857,16513,16514,0
382,382,969,970,1
3000,3000,8683,8684,1
1661,1661,5697,5698,0
2954,2954,8562,8563,0
1798,1798,6030,6031,0
3146,3146,9071,9072,1
1296,1296,3937,3938,0
3125,3125,9009,9010,1
1807,1807,6048,6049,0
1626,1626,5614,5615,1
1630,1630,5626,5627,1
337,337,868,869,0
689,689,2316,2317,1
2333,2333,7141,7142,0
529,529,1447,1448,1
1623,1623,5608,5609,1
2594,2594,7670,7671,0
1205,1205,3754,3755,0
1927,1927,6318,6319,0
2464,2464,7408,7409,0
3157,3157,9107,9108,1
3651,3651,16000,16001,0
2686,2686,7887,7888,0
647,647,2206,2207,1
163,163,422,423,1
1776,1776,5976,5977,0
1827,1827,6113,6114,0
3152,3152,9097,9098,1
1376,1376,4098,4099,1
4239,4239,17506,17507,0
2419,2419,7313,7314,0
730,730,2428,2429,0
102,102,257,258,0
1635,1635,5640,5641,1
583,583,1555,1556,1
685,685,2307,2308,0
3375,3375,9697,9698,0
1631,1631,5630,5631,1
489,489,1367,1368,0
1627,1627,5616,5617,1
532,532,1453,1454,1
115,115,291,292,1
1847,1847,6153,6154,0
1637,1637,5648,5649,1
4246,4246,17524,17525,0
1376,1376,4098,4099,1
553,553,1495,1496,0
1637,1637,5648,5649,1
1545,1545,5195,5196,0
1274,1274,3893,3894,0
915,915,3037,3038,0
1624,1624,5610,5611,1
1676,1676,5735,5736,0
3075,3075,8858,8859,1
2983,2983,8628,8629,1
3146,3146,9071,9072,1
2984,2984,8630,8631,0
1631,1631,5630,5631,1
2848,2848,8244,8245,0
3075,3075,8858,8859,1
3593,3593,15851,15852,0
115,115,291,292,1
4193,4193,17410,17411,0
1779,1779,5989,5990,0
531,531,1451,1452,1
3638,3638,15964,15965,1
617,617,1623,1624,1
528,528,1445,1446,1
2199,2199,6873,6874,0
1635,1635,5640,5641,1
1640,1640,5654,5655,1
582,582,1553,1554,1
2599,2599,7680,7681,0
1633,1633,5635,5636,1
697,697,2335,2336,1
3129,3129,9017,9018,1
3944,3944,16764,16765,0
1626,1626,5614,5615,1
1884,1884,6230,6231,0
4255,4255,17542,17543,0
1627,1627,5616,5617,1
883,883,2800,2801,0
1310,1310,3965,3966,0
530,530,1449,1450,1
2671,2671,7857,7858,0
163,163,422,423,1
309,309,777,778,1
3146,3146,9071,9072,1
3958,3958,16807,16808,0
2810,2810,8156,8157,0
260,260,669,670,0
1108,1108,3504,3505,0
2374,2374,7223,7224,0
174,174,444,445,0
4106,4106,17165,17166,0
3125,3125,9009,9010,1
691,691,2320,2321,1
3157,3157,9107,9108,1
1638,1638,5650,5651,1
1627,1627,5616,5617,1
3638,3638,15964,15965,1
977,977,3178,3179,0
698,698,2353,2354,0
1491,1491,4962,4963,1
3638,3638,15964,15965,1
1641,1641,5656,5657,1
3640,3640,15968,15969,1
1599,1599,5543,5544,0
1203,1203,3750,3751,0
1639,1639,5652,5653,1
2361,2361,7197,7198,0
3499,3499,14732,14733,1
3975,3975,16847,16848,1
115,115,291,292,1
527,527,1443,1444,0
3640,3640,15968,15969,1
3451,3451,14309,14310,0
582,582,1553,1554,1
1167,1167,3639,3640,0
3147,3147,9083,9084,1
1640,1640,5654,5655,1
678,678,2293,2294,1
115,115,291,292,1
3235,3235,9310,9311,0
1638,1638,5650,5651,1
1628,1628,5621,5622,1
3004,3004,8691,8692,1
744,744,2456,2457,0
554,554,1497,1498,0
1607,1607,5572,5573,0
531,531,1451,1452,1
2205,2205,6885,6886,0
3148,3148,9085,9086,1
1411,1411,4168,4169,0
1630,1630,5626,5627,1
2662,2662,7839,7840,0
3120,3120,8998,8999,1
3126,3126,9011,9012,1
3146,3146,9071,9072,1
647,647,2206,2207,1
660,660,2232,2233,1
3120,3120,8998,8999,1
3444,3444,10495,10496,0
1319,1319,3984,3985,0
3000,3000,8683,8684,1
532,532,1453,1454,1
1376,1376,4098,4099,1
608,608,1605,1606,1
1,1,4,5,0
2043,2043,6554,6555,0
1491,1491,4962,4963,1
1627,1627,5616,5617,1
1967,1967,6398,6399,0
646,646,2204,2205,1
679,679,2295,2296,1
447,447,1168,1169,0
4131,4131,17244,17245,0
1628,1628,5621,5622,1
3088,3088,8918,8919,1
1702,1702,5799,5800,1
1633,1633,5635,5636,1
1603,1603,5562,5563,1
2342,2342,7159,7160,0
678,678,2293,2294,1
514,514,1417,1418,0
4011,4011,16936,16937,1
3157,3157,9107,9108,1
659,659,2230,2231,1
223,223,594,595,0
3126,3126,9011,9012,1
365,365,928,929,0
1629,1629,5623,5624,1
3147,3147,9083,9084,1
686,686,2309,2310,1
177,177,454,455,0
1642,1642,5658,5659,1
719,719,2395,2396,0
2527,2527,7536,7537,0
3126,3126,9011,9012,1
4080,4080,17084,17085,0
4011,4011,16936,16937,1
532,532,1453,1454,1
2188,2188,6851,6852,0
617,617,1623,1624,1
1460,1460,4896,4897,0
3246,3246,9333,9334,0
482,482,1353,1354,1
3220,3220,9276,9277,0
3486,3486,14417,14418,0
3676,3676,16093,16094,1
1459,1459,4894,4895,0
581,581,1551,1552,1
1639,1639,5652,5653,1
306,306,771,772,0
3148,3148,9085,9086,1
1642,1642,5658,5659,1
697,697,2335,2336,1
3638,3638,15964,15965,1
700,700,2357,2358,0
1634,1634,5637,5638,1
1376,1376,4098,4099,1
678,678,2293,2294,1
660,660,2232,2233,1
646,646,2204,2205,1
582,582,1553,1554,1
3152,3152,9097,9098,1
3120,3120,8998,8999,1
617,617,1623,1624,1
1597,1597,5539,5540,0
3150,3150,9089,9090,1
2129,2129,6726,6727,0
686,686,2309,2310,1
3433,3433,10472,10473,0
693,693,2324,2325,1
1629,1629,5623,5624,1
3129,3129,9017,9018,1
3676,3676,16093,16094,1
1856,1856,6172,6173,0
4167,4167,17350,17351,0
694,694,2326,2327,1
1678,1678,5739,5740,0
3157,3157,9107,9108,1
180,180,467,468,0
645,645,2202,2203,1
2819,2819,8174,8175,0
1626,1626,5614,5615,1
1510,1510,5014,5015,0
3908,3908,16685,16686,1
970,970,3159,3160,0
4050,4050,17015,17016,0
1823,1823,6105,6106,0
3146,3146,9071,9072,1
4031,4031,16977,16978,0
912,912,3031,3032,0
4075,4075,17072,17073,0
482,482,1353,1354,1
1879,1879,6219,6220,0
1628,1628,5621,5622,1
2975,2975,8604,8605,0
1637,1637,5648,5649,1
382,382,969,970,1
1642,1642,5658,5659,1
55,55,132,133,0
3120,3120,8998,8999,1
686,686,2309,2310,1
757,757,2482,2483,0
3088,3088,8918,8919,1
2916,2916,8480,8481,0
581,581,1551,1552,1
3319,3319,9502,9503,0
3178,3178,9163,9164,0
3361,3361,9600,9601,0
3129,3129,9017,9018,1
3741,3741,16249,16250,0
1183,1183,3671,3672,0
3146,3146,9071,9072,1
3100,3100,8956,8957,0
713,713,2383,2384,0
3845,3845,16482,16483,0
1097,1097,3482,3483,0
3146,3146,9071,9072,1
693,693,2324,2325,1
3499,3499,14732,14733,1
529,529,1447,1448,1
142,142,379,380,0
1640,1640,5654,5655,1
1468,1468,4913,4914,0
3499,3499,14732,14733,1
1346,1346,4038,4039,0
1376,1376,4098,4099,1
1633,1633,5635,5636,1
163,163,422,423,1
3464,3464,14335,14336,0
3640,3640,15968,15969,1
1672,1672,5727,5728,0
3148,3148,9085,9086,1
3139,3139,9037,9038,0
3499,3499,14732,14733,1
3927,3927,16723,16724,0
1637,1637,5648,5649,1
2469,2469,7420,7421,0
3640,3640,15968,15969,1
583,583,1555,1556,1
2283,2283,7041,7042,0
582,582,1553,1554,1
3499,3499,14732,14733,1
558,558,1505,1506,0
3317,3317,9498,9499,0
1640,1640,5654,5655,1
2912,2912,8455,8456,0
3125,3125,9009,9010,1
2458,2458,7396,7397,0
499,499,1387,1388,0
709,709,2375,2376,0
3075,3075,8858,8859,1
2780,2780,8084,8085,0
1386,1386,4118,4119,0
275,275,705,706,0
1638,1638,5650,5651,1
686,686,2309,2310,1
693,693,2324,2325,1
249,249,647,648,0
1246,1246,3837,3838,0
3350,3350,9576,9577,0
694,694,2326,2327,1
2561,2561,7604,7605,0
3599,3599,15864,15865,0
1702,1702,5799,5800,1
256,256,661,662,0
693,693,2324,2325,1
583,583,1555,1556,1
309,309,777,778,1
3088,3088,8918,8919,1
645,645,2202,2203,1
531,531,1451,1452,1
697,697,2335,2336,1
617,617,1623,1624,1
34,34,86,87,0
1630,1630,5626,5627,1
1637,1637,5648,5649,1
691,691,2320,2321,1
124,124,309,310,0
4250,4250,17532,17533,0
2350,2350,7175,7176,0
442,442,1144,1145,0
1623,1623,5608,5609,1
694,694,2326,2327,1
3975,3975,16847,16848,1
1435,1435,4659,4660,0
289,289,737,738,0
1625,1625,5612,5613,1
3431,3431,10468,10469,0
4196,4196,17416,17417,0
4003,4003,16907,16908,0
1065,1065,3390,3391,0
3009,3009,8701,8702,0
382,382,969,970,1
4011,4011,16936,16937,1
1639,1639,5652,5653,1
679,679,2295,2296,1
962,962,3143,3144,0
693,693,2324,2325,1
3157,3157,9107,9108,1
3150,3150,9089,9090,1
2158,2158,6788,6789,0
3126,3126,9011,9012,1
1631,1631,5630,5631,1
543,543,1475,1476,0
1088,1088,3464,3465,0
3004,3004,8691,8692,1
528,528,1445,1446,1
1639,1639,5652,5653,1
3411,3411,9769,9770,0
1637,1637,5648,5649,1
513,513,1415,1416,0
154,154,404,405,0
374,374,946,947,0
697,697,2335,2336,1
3694,3694,16144,16145,0
4069,4069,17058,17059,0
1635,1635,5640,5641,1
617,617,1623,1624,1
18,18,50,51,0
1308,1308,3961,3962,0
3504,3504,15303,15304,0
1539,1539,5183,5184,0
2976,2976,8606,8607,0
1330,1330,4006,4007,0
2906,2906,8442,8443,0
3157,3157,9107,9108,1
3676,3676,16093,16094,1
693,693,2324,2325,1
1642,1642,5658,5659,1
646,646,2204,2205,1
3416,3416,9779,9780,0
341,341,876,877,0
1376,1376,4098,4099,1
1192,1192,3689,3690,0
3087,3087,8914,8915,0
1638,1638,5650,5651,1
3004,3004,8691,8692,1
2794,2794,8112,8113,0
582,582,1553,1554,1
199,199,540,541,0
262,262,673,674,0
530,530,1449,1450,1
647,647,2206,2207,1
1686,1686,5755,5756,0
1631,1631,5630,5631,1
684,684,2305,2306,0
3676,3676,16093,16094,1
1631,1631,5630,5631,1
3908,3908,16685,16686,1
3203,3203,9242,9243,0
309,309,777,778,1
163,163,422,423,1
3126,3126,9011,9012,1
2950,2950,8548,8549,0
3683,3683,16117,16118,0
693,693,2324,2325,1
646,646,2204,2205,1
1637,1637,5648,5649,1
1390,1390,4126,4127,0
3126,3126,9011,9012,1
693,693,2324,2325,1
694,694,2326,2327,1
1629,1629,5623,5624,1
659,659,2230,2231,1
1524,1524,5146,5147,0
1639,1639,5652,5653,1
482,482,1353,1354,1
3908,3908,16685,16686,1
4011,4011,16936,16937,1
1279,1279,3903,3904,0
3818,3818,16419,16420,0
3088,3088,8918,8919,1
4011,4011,16936,16937,1
954,954,3127,3128,0
1674,1674,5731,5732,0
2983,2983,8628,8629,1
361,361,920,921,0
4013,4013,16940,16941,0
1458,1458,4892,4893,0
985,985,3197,3198,0
1634,1634,5637,5638,1
3844,3844,16480,16481,0
2383,2383,7241,7242,0
3676,3676,16093,16094,1
686,686,2309,2310,1
583,583,1555,1556,1
4083,4083,17097,17098,0
1867,1867,6194,6195,0
697,697,2335,2336,1
541,541,1471,1472,0
581,581,1551,1552,1
1641,1641,5656,5657,1
1365,1365,4076,4077,0
3150,3150,9089,9090,1
697,697,2335,2336,1
1642,1642,5658,5659,1
1634,1634,5637,5638,1
3152,3152,9097,9098,1
1633,1633,5635,5636,1
471,471,1331,1332,0
3152,3152,9097,9098,1
2652,2652,7816,7817,0
2618,2618,7718,7719,0
1624,1624,5610,5611,1
2983,2983,8628,8629,1
697,697,2335,2336,1
1642,1642,5658,5659,1
4011,4011,16936,16937,1
1881,1881,6223,6224,0
3152,3152,9097,9098,1
3120,3120,8998,8999,1
3423,3423,10158,10159,0
56,56,134,135,0
689,689,2316,2317,1
1393,1393,4132,4133,0
2656,2656,7827,7828,0
3157,3157,9107,9108,1
2787,2787,8098,8099,0
3859,3859,16524,16525,0
3125,3125,9009,9010,1
4011,4011,16936,16937,1
691,691,2320,2321,1
647,647,2206,2207,1
2896,2896,8414,8415,0
2722,2722,7959,7960,0
1640,1640,5654,5655,1
3120,3120,8998,8999,1
1376,1376,4098,4099,1
608,608,1605,1606,1
3499,3499,14732,14733,1
1634,1634,5637,5638,1
3157,3157,9107,9108,1
3004,3004,8691,8692,1
1016,1016,3267,3268,0
2136,2136,6740,6741,0
1111,1111,3510,3511,0
1425,1425,4351,4352,0
889,889,2879,2880,0
2096,2096,6660,6661,0
3219,3219,9274,9275,0
615,615,1619,1620,0
1623,1623,5608,5609,1
1166,1166,3637,3638,0
845,845,2682,2683,0
647,647,2206,2207,1
2923,2923,8494,8495,0
2080,2080,6628,6629,0
2165,2165,6805,6806,0
3004,3004,8691,8692,1
695,695,2331,2332,0
777,777,2536,2537,0
1340,1340,4026,4027,0
3460,3460,14327,14328,0
3275,3275,9411,9412,0
2194,2194,6863,6864,0
1624,1624,5610,5611,1
325,325,811,812,0
1629,1629,5623,5624,1
3881,3881,16577,16578,0
309,309,777,778,1
3537,3537,15726,15727,0
163,163,422,423,1
2343,2343,7161,7162,0
1077,1077,3424,3425,0
1628,1628,5621,5622,1
3363,3363,9604,9605,0
3004,3004,8691,8692,1
3125,3125,9009,9010,1
4218,4218,17462,17463,1
3638,3638,15964,15965,1
2496,2496,7474,7475,0
3129,3129,9017,9018,1
2751,2751,8019,8020,0
4218,4218,17462,17463,1
1376,1376,4098,4099,1
2221,2221,6917,6918,0
679,679,2295,2296,1
3000,3000,8683,8684,1
679,679,2295,2296,1
1093,1093,3474,3475,0
3057,3057,8819,8820,0
1637,1637,5648,5649,1
3152,3152,9097,9098,1
1148,1148,3601,3602,0
1641,1641,5656,5657,1
3147,3147,9083,9084,1
3975,3975,16847,16848,1
3088,3088,8918,8919,1
3088,3088,8918,8919,1
2479,2479,7440,7441,0
530,530,1449,1450,1
3119,3119,8995,8996,0
2708,2708,7931,7932,0
617,617,1623,1624,1
2744,2744,8005,8006,0
3975,3975,16847,16848,1
163,163,422,423,1
2683,2683,7881,7882,0
3965,3965,16824,16825,0
234,234,617,618,0
3148,3148,9085,9086,1
1631,1631,5630,5631,1
3932,3932,16733,16734,0
1530,1530,5163,5164,0
1015,1015,3265,3266,0
2761,2761,8039,8040,0
1466,1466,4908,4909,0
617,617,1623,1624,1
654,654,2220,2221,0
2341,2341,7157,7158,0
3000,3000,8683,8684,1
2229,2229,6933,6934,0
617,617,1623,1624,1
3960,3960,16811,16812,0
583,583,1555,1556,1
1800,1800,6034,6035,0
1625,1625,5612,5613,1
3755,3755,16281,16282,0
1829,1829,6117,6118,0
3011,3011,8705,8706,0
3157,3157,9107,9108,1
608,608,1605,1606,1
2470,2470,7422,7423,0
525,525,1439,1440,0
298,298,755,756,0
3075,3075,8858,8859,1
486,486,1361,1362,0
3148,3148,9085,9086,1
3226,3226,9291,9292,0
3499,3499,14732,14733,1
2927,2927,8502,8503,0
3150,3150,9089,9090,1
608,608,1605,1606,1
1642,1642,5658,5659,1
309,309,777,778,1
1702,1702,5799,5800,1
1634,1634,5637,5638,1
394,394,994,995,0
1641,1641,5656,5657,1
3034,3034,8767,8768,0
1631,1631,5630,5631,1
482,482,1353,1354,1
1623,1623,5608,5609,1
944,944,3107,3108,0
64,64,168,169,0
3120,3120,8998,8999,1
1837,1837,6133,6134,0
3146,3146,9071,9072,1
253,253,655,656,0
1454,1454,4884,4885,0
3156,3156,9105,9106,1
2240,2240,6955,6956,0
1631,1631,5630,5631,1
1000,1000,3228,3229,0
3849,3849,16490,16491,0
1094,1094,3476,3477,0
309,309,777,778,1
1624,1624,5610,5611,1
3126,3126,9011,9012,1
532,532,1453,1454,1
679,679,2295,2296,1
3639,3639,15966,15967,1
1518,1518,5108,5109,0
1638,1638,5650,5651,1
550,550,1489,1490,0
2755,2755,8027,8028,0
707,707,2371,2372,0
1628,1628,5621,5622,1
528,528,1445,1446,1
689,689,2316,2317,1
4158,4158,17324,17325,0
3154,3154,9101,9102,1
3147,3147,9083,9084,1
148,148,391,392,0
643,643,2198,2199,0
2051,2051,6570,6571,0
3616,3616,15900,15901,0
1940,1940,6344,6345,0
2557,2557,7596,7597,0
1854,1854,6168,6169,0
3697,3697,16150,16151,0
4218,4218,17462,17463,1
1629,1629,5623,5624,1
3159,3159,9112,9113,0
659,659,2230,2231,1
689,689,2316,2317,1
581,581,1551,1552,1
201,201,544,545,0
317,317,793,794,0
1491,1491,4962,4963,1
531,531,1451,1452,1
874,874,2740,2741,0
583,583,1555,1556,1
1627,1627,5616,5617,1
2550,2550,7582,7583,0
1629,1629,5623,5624,1
528,528,1445,1446,1
3067,3067,8840,8841,0
3463,3463,14333,14334,0
3524,3524,15688,15689,0
2334,2334,7143,7144,0
1633,1633,5635,5636,1
1702,1702,5799,5800,1
537,537,1463,1464,0
1626,1626,5614,5615,1
3106,3106,8969,8970,0
1627,1627,5616,5617,1
1623,1623,5608,5609,1
697,697,2335,2336,1
493,493,1375,1376,0
1639,1639,5652,5653,1
1625,1625,5612,5613,1
1491,1491,4962,4963,1
4068,4068,17056,17057,0
617,617,1623,1624,1
1630,1630,5626,5627,1
1054,1054,3368,3369,0
617,617,1623,1624,1
3140,3140,9039,9040,0
3877,3877,16566,16567,0
3638,3638,15964,15965,1
689,689,2316,2317,1
439,439,1137,1138,0
524,524,1437,1438,0
163,163,422,423,1
3568,3568,15797,15798,0
1702,1702,5799,5800,1
581,581,1551,1552,1
647,647,2206,2207,1
2471,2471,7424,7425,0
1269,1269,3883,3884,0
1663,1663,5703,5704,0
1637,1637,5648,5649,1
3150,3150,9089,9090,1
3908,3908,16685,16686,1
3088,3088,8918,8919,1
1634,1634,5637,5638,1
3197,3197,9207,9208,0
3125,3125,9009,9010,1
4063,4063,17043,17044,0
3152,3152,9097,9098,1
2905,2905,8440,8441,0
1978,1978,6421,6422,0
115,115,291,292,1
1624,1624,5610,5611,1
3157,3157,9107,9108,1
739,739,2446,2447,0
1640,1640,5654,5655,1
1628,1628,5621,5622,1
3126,3126,9011,9012,1
1626,1626,5614,5615,1
3575,3575,15815,15816,0
924,924,3055,3056,0
1628,1628,5621,5622,1
4011,4011,16936,16937,1
3975,3975,16847,16848,1
3000,3000,8683,8684,1
617,617,1623,1624,1
468,468,1325,1326,0
691,691,2320,2321,1
2346,2346,7167,7168,0
3054,3054,8813,8814,0
3148,3148,9085,9086,1
689,689,2316,2317,1
2651,2651,7814,7815,0
1376,1376,4098,4099,1
3838,3838,16460,16461,0
1603,1603,5562,5563,1
3157,3157,9107,9108,1
4104,4104,17161,17162,0
2949,2949,8546,8547,0
3639,3639,15966,15967,1
3126,3126,9011,9012,1
2223,2223,6921,6922,0
1623,1623,5608,5609,1
694,694,2326,2327,1
678,678,2293,2294,1
3150,3150,9089,9090,1
3094,3094,8930,8931,0
3557,3557,15772,15773,0
1782,1782,5995,5996,0
1629,1629,5623,5624,1
2668,2668,7851,7852,0
4037,4037,16989,16990,0
1601,1601,5548,5549,0
3638,3638,15964,15965,1
3102,3102,8961,8962,0
1099,1099,3486,3487,0
309,309,777,778,1
660,660,2232,2233,1
581,581,1551,1552,1
3137,3137,9033,9034,0
4218,4218,17462,17463,1
3129,3129,9017,9018,1
1623,1623,5608,5609,1
126,126,313,314,0
2828,2828,8203,8204,0
1226,1226,3797,3798,0
1629,1629,5623,5624,1
689,689,2316,2317,1
3676,3676,16093,16094,1
1603,1603,5562,5563,1
1354,1354,4054,4055,0
1526,1526,5155,5156,0
3638,3638,15964,15965,1
382,382,969,970,1
528,528,1445,1446,1
1634,1634,5637,5638,1
1113,1113,3514,3515,0
3499,3499,14732,14733,1
464,464,1317,1318,0
3147,3147,9083,9084,1
3126,3126,9011,9012,1
309,309,777,778,1
531,531,1451,1452,1
1631,1631,5630,5631,1
691,691,2320,2321,1
1256,1256,3857,3858,0
4179,4179,17382,17383,0
2162,2162,6799,6800,0
1865,1865,6190,6191,0
2621,2621,7726,7727,0
566,566,1521,1522,0
2040,2040,6548,6549,0
4141,4141,17269,17270,0
772,772,2518,2519,0
3901,3901,16637,16638,0
1079,1079,3444,3445,0
3490,3490,14425,14426,0
942,942,3102,3103,0
3941,3941,16757,16758,0
163,163,422,423,1
3148,3148,9085,9086,1
1630,1630,5626,5627,1
689,689,2316,2317,1
691,691,2320,2321,1
856,856,2704,2705,0
1623,1623,5608,5609,1
3193,3193,9198,9199,0
1640,1640,5654,5655,1
4094,4094,17135,17136,0
693,693,2324,2325,1
94,94,239,240,0
481,481,1351,1352,0
1603,1603,5562,5563,1
3213,3213,9262,9263,0
1634,1634,5637,5638,1
1640,1640,5654,5655,1
1421,1421,4254,4255,0
1639,1639,5652,5653,1
382,382,969,970,1
693,693,2324,2325,1
1637,1637,5648,5649,1
3889,3889,16602,16603,0
1627,1627,5616,5617,1
258,258,665,666,0
583,583,1555,1556,1
947,947,3113,3114,0
30,30,78,79,0
3675,3675,16089,16090,0
1634,1634,5637,5638,1
3638,3638,15964,15965,1
689,689,2316,2317,1
1629,1629,5623,5624,1
3126,3126,9011,9012,1
1631,1631,5630,5631,1
2821,2821,8178,8179,0
1640,1640,5654,5655,1
4171,4171,17366,17367,0
1603,1603,5562,5563,1
998,998,3224,3225,0
389,389,984,985,0
645,645,2202,2203,1
509,509,1407,1408,0
530,530,1449,1450,1
1849,1849,6158,6159,0
1491,1491,4962,4963,1
2250,2250,6975,6976,0
669,669,2259,2260,0
1639,1639,5652,5653,1
583,583,1555,1556,1
965,965,3149,3150,0
1702,1702,5799,5800,1
1643,1643,5660,5661,0
775,775,2532,2533,0
693,693,2324,2325,1
360,360,918,919,0
3104,3104,8965,8966,0
1637,1637,5648,5649,1
697,697,2335,2336,1
1629,1629,5623,5624,1
1973,1973,6411,6412,0
2154,2154,6778,6779,0
3639,3639,15966,15967,1
88,88,224,225,0
2518,2518,7518,7519,0
608,608,1605,1606,1
2687,2687,7889,7890,0
1628,1628,5621,5622,1
3487,3487,14419,14420,0
2121,2121,6710,6711,0
3088,3088,8918,8919,1
1635,1635,5640,5641,1
3740,3740,16247,16248,0
2317,2317,7109,7110,0
1627,1627,5616,5617,1
291,291,741,742,0
1633,1633,5635,5636,1
1684,1684,5751,5752,0
1637,1637,5648,5649,1
1408,1408,4162,4163,0
1491,1491,4962,4963,1
4237,4237,17502,17503,0
1193,1193,3691,3692,0
3975,3975,16847,16848,1
691,691,2320,2321,1
1640,1640,5654,5655,1
1624,1624,5610,5611,1
1642,1642,5658,5659,1
37,37,92,93,0
459,459,1307,1308,0
382,382,969,970,1
660,660,2232,2233,1
1709,1709,5827,5828,0
3676,3676,16093,16094,1
2167,2167,6809,6810,0
1098,1098,3484,3485,0
617,617,1623,1624,1
686,686,2309,2310,1
904,904,2982,2983,0
531,531,1451,1452,1
3908,3908,16685,16686,1
2983,2983,8628,8629,1
1368,1368,4082,4083,0
660,660,2232,2233,1
1030,1030,3311,3312,0
2372,2372,7219,7220,0
936,936,3090,3091,0
3639,3639,15966,15967,1
362,362,922,923,0
3032,3032,8755,8756,0
1294,1294,3933,3934,0
2083,2083,6634,6635,0
1185,1185,3675,3676,0
645,645,2202,2203,1
1376,1376,4098,4099,1
458,458,1305,1306,0
3920,3920,16709,16710,0
1640,1640,5654,5655,1
3676,3676,16093,16094,1
1153,1153,3611,3612,0
1702,1702,5799,5800,1
163,163,422,423,1
4076,4076,17076,17077,0
4254,4254,17540,17541,0
3147,3147,9083,9084,1
2675,2675,7865,7866,0
3088,3088,8918,8919,1
617,617,1623,1624,1
3146,3146,9071,9072,1
2812,2812,8160,8161,0
646,646,2204,2205,1
2970,2970,8594,8595,0
1647,1647,5668,5669,0
1715,1715,5839,5840,0
2078,2078,6624,6625,0
2011,2011,6488,6489,0
4143,4143,17288,17289,0
1322,1322,3990,3991,0
343,343,880,881,0
1700,1700,5783,5784,0
3000,3000,8683,8684,1
2461,2461,7402,7403,0
4139,4139,17265,17266,0
2181,2181,6837,6838,0
1688,1688,5759,5760,0
4098,4098,17145,17146,0
610,610,1609,1610,0
3341,3341,9557,9558,0
3638,3638,15964,15965,1
3280,3280,9421,9422,0
3147,3147,9083,9084,1
3156,3156,9105,9106,1
1055,1055,3370,3371,0
2926,2926,8500,8501,0
660,660,2232,2233,1
3291,3291,9443,9444,0
805,805,2592,2593,0
2983,2983,8628,8629,1
2585,2585,7652,7653,0
3004,3004,8691,8692,1
3904,3904,16659,16660,0
3579,3579,15823,15824,0
1641,1641,5656,5657,1
2883,2883,8368,8369,0
1626,1626,5614,5615,1
115,115,291,292,1
1624,1624,5610,5611,1
693,693,2324,2325,1
4218,4218,17462,17463,1
3426,3426,10164,10165,0
2977,2977,8608,8609,0
531,531,1451,1452,1
691,691,2320,2321,1
3146,3146,9071,9072,1
1125,1125,3538,3539,0
3146,3146,9071,9072,1
2143,2143,6754,6755,0
2218,2218,6911,6912,0
4092,4092,17131,17132,0
2689,2689,7893,7894,0
1637,1637,5648,5649,1
1471,1471,4919,4920,0
2704,2704,7923,7924,0
3129,3129,9017,9018,1
3405,3405,9757,9758,0
3497,3497,14614,14615,0
3088,3088,8918,8919,1
1638,1638,5650,5651,1
1640,1640,5654,5655,1
3169,3169,9142,9143,0
617,617,1623,1624,1
647,647,2206,2207,1
3150,3150,9089,9090,1
1628,1628,5621,5622,1
1363,1363,4072,4073,0
1629,1629,5623,5624,1
1623,1623,5608,5609,1
4224,4224,17474,17475,0
3126,3126,9011,9012,1
1634,1634,5637,5638,1
3908,3908,16685,16686,1
1547,1547,5230,5231,0
59,59,145,146,0
975,975,3174,3175,0
279,279,713,714,0
3125,3125,9009,9010,1
3971,3971,16839,16840,0
646,646,2204,2205,1
3499,3499,14732,14733,1
136,136,351,352,0
647,647,2206,2207,1
697,697,2335,2336,1
693,693,2324,2325,1
859,859,2710,2711,0
2401,2401,7277,7278,0
2601,2601,7684,7685,0
3385,3385,9717,9718,0
115,115,291,292,1
2615,2615,7712,7713,0
1525,1525,5149,5150,0
1630,1630,5626,5627,1
1638,1638,5650,5651,1
3084,3084,8906,8907,0
2027,2027,6521,6522,0
691,691,2320,2321,1
617,617,1623,1624,1
2457,2457,7394,7395,0
4232,4232,17490,17491,0
758,758,2484,2485,0
617,617,1623,1624,1
3148,3148,9085,9086,1
3928,3928,16725,16726,0
678,678,2293,2294,1
1190,1190,3685,3686,0
1708,1708,5825,5826,0
556,556,1501,1502,0
3129,3129,9017,9018,1
3975,3975,16847,16848,1
3670,3670,16074,16075,0
629,629,1684,1685,0
2191,2191,6857,6858,0
3638,3638,15964,15965,1
581,581,1551,1552,1
3120,3120,8998,8999,1
601,601,1591,1592,0
686,686,2309,2310,1
3639,3639,15966,15967,1
771,771,2516,2517,0
3088,3088,8918,8919,1
1725,1725,5859,5860,0
3499,3499,14732,14733,1
2500,2500,7482,7483,0
4011,4011,16936,16937,1
950,950,3119,3120,0
3120,3120,8998,8999,1
668,668,2257,2258,0
3676,3676,16093,16094,1
1637,1637,5648,5649,1
2588,2588,7658,7659,0
689,689,2316,2317,1
1603,1603,5562,5563,1
1629,1629,5623,5624,1
3185,3185,9178,9179,0
2807,2807,8149,8150,0
3156,3156,9105,9106,1
133,133,339,340,0
1841,1841,6141,6142,0
1603,1603,5562,5563,1
1634,1634,5637,5638,1
3150,3150,9089,9090,1
268,268,690,691,0
1629,1629,5623,5624,1
1628,1628,5621,5622,1
3150,3150,9089,9090,1
1642,1642,5658,5659,1
3156,3156,9105,9106,1
1629,1629,5623,5624,1
659,659,2230,2231,1
660,660,2232,2233,1
2833,2833,8214,8215,0
1642,1642,5658,5659,1
115,115,291,292,1
3908,3908,16685,16686,1
2758,2758,8033,8034,0
679,679,2295,2296,1
2495,2495,7472,7473,0
3639,3639,15966,15967,1
3535,3535,15722,15723,0
583,583,1555,1556,1
1635,1635,5640,5641,1
3125,3125,9009,9010,1
660,660,2232,2233,1
1216,1216,3777,3778,0
1475,1475,4927,4928,0
432,432,1123,1124,0
988,988,3203,3204,0
532,532,1453,1454,1
3000,3000,8683,8684,1
3975,3975,16847,16848,1
2358,2358,7191,7192,0
1956,1956,6376,6377,0
1626,1626,5614,5615,1
1635,1635,5640,5641,1
2192,2192,6859,6860,0
1926,1926,6316,6317,0
139,139,357,358,0
2680,2680,7875,7876,0
2622,2622,7728,7729,0
2530,2530,7542,7543,0
660,660,2232,2233,1
4032,4032,16979,16980,0
617,617,1623,1624,1
2659,2659,7833,7834,0
530,530,1449,1450,1
755,755,2478,2479,0
3120,3120,8998,8999,1
659,659,2230,2231,1
3569,3569,15802,15803,0
3156,3156,9105,9106,1
3000,3000,8683,8684,1
1215,1215,3775,3776,0
1982,1982,6429,6430,0
646,646,2204,2205,1
3156,3156,9105,9106,1
1646,1646,5666,5667,0
482,482,1353,1354,1
530,530,1449,1450,1
2983,2983,8628,8629,1
3129,3129,9017,9018,1
1588,1588,5521,5522,0
103,103,259,260,0
3120,3120,8998,8999,1
2303,2303,7081,7082,0
1641,1641,5656,5657,1
2371,2371,7217,7218,0
2889,2889,8400,8401,0
3148,3148,9085,9086,1
2054,2054,6576,6577,0
1637,1637,5648,5649,1
1640,1640,5654,5655,1
3156,3156,9105,9106,1
645,645,2202,2203,1
115,115,291,292,1
3154,3154,9101,9102,1
149,149,393,394,0
2056,2056,6580,6581,0
3028,3028,8747,8748,0
3802,3802,16385,16386,0
2004,2004,6474,6475,0
647,647,2206,2207,1
3499,3499,14732,14733,1
693,693,2324,2325,1
3125,3125,9009,9010,1
1376,1376,4098,4099,1
1991,1991,6448,6449,0
1630,1630,5626,5627,1
612,612,1613,1614,0
691,691,2320,2321,1
3974,3974,16845,16846,0
1050,1050,3357,3358,0
137,137,353,354,0
1376,1376,4098,4099,1
3640,3640,15968,15969,1
382,382,969,970,1
3377,3377,9701,9702,0
2478,2478,7438,7439,0
852,852,2696,2697,0
3148,3148,9085,9086,1
645,645,2202,2203,1
1623,1623,5608,5609,1
3715,3715,16190,16191,0
4011,4011,16936,16937,1
623,623,1646,1647,0
2417,2417,7309,7310,0
3639,3639,15966,15967,1
686,686,2309,2310,1
476,476,1341,1342,0
482,482,1353,1354,1
414,414,1039,1040,0
2217,2217,6909,6910,0
1230,1230,3805,3806,0
779,779,2540,2541,0
3990,3990,16880,16881,0
1633,1633,5635,5636,1
3097,3097,8950,8951,0
243,243,635,636,0
689,689,2316,2317,1
3746,3746,16259,16260,0
3086,3086,8911,8912,0
3714,3714,16188,16189,0
686,686,2309,2310,1
3639,3639,15966,15967,1
3110,3110,8977,8978,0
2266,2266,7007,7008,0
1640,1640,5654,5655,1
531,531,1451,1452,1
2288,2288,7051,7052,0
1351,1351,4048,4049,0
3938,3938,16751,16752,0
1633,1633,5635,5636,1
832,832,2651,2652,0
3126,3126,9011,9012,1
3146,3146,9071,9072,1
686,686,2309,2310,1
1595,1595,5535,5536,0
2227,2227,6929,6930,0
1702,1702,5799,5800,1
1172,1172,3649,3650,0
3146,3146,9071,9072,1
3000,3000,8683,8684,1
1587,1587,5370,5371,0
1561,1561,5260,5261,0
2575,2575,7632,7633,0
1639,1639,5652,5653,1
1155,1155,3615,3616,0
1637,1637,5648,5649,1
3982,3982,16864,16865,0
3367,3367,9675,9676,0
2535,2535,7552,7553,0
3146,3146,9071,9072,1
1491,1491,4962,4963,1
309,309,777,778,1
1701,1701,5785,5786,0
2856,2856,8272,8273,0
1630,1630,5626,5627,1
532,532,1453,1454,1
691,691,2320,2321,1
163,163,422,423,1
3638,3638,15964,15965,1
3858,3858,16521,16522,0
1404,1404,4154,4155,0
3154,3154,9101,9102,1
3088,3088,8918,8919,1
4061,4061,17039,17040,0
2983,2983,8628,8629,1
1157,1157,3619,3620,0
1633,1633,5635,5636,1
1787,1787,6008,6009,0
583,583,1555,1556,1
3621,3621,15930,15931,0
3229,3229,9297,9298,0
1107,1107,3502,3503,0
689,689,2316,2317,1
1985,1985,6435,6436,0
608,608,1605,1606,1
530,530,1449,1450,1
1370,1370,4086,4087,0
1634,1634,5637,5638,1
1204,1204,3752,3753,0
3897,3897,16629,16630,0
3146,3146,9071,9072,1
532,532,1453,1454,1
3545,3545,15744,15745,0
236,236,621,622,0
163,163,422,423,1
1214,1214,3773,3774,0
115,115,291,292,1
689,689,2316,2317,1
1589,1589,5523,5524,0
918,918,3043,3044,0
2697,2697,7909,7910,0
529,529,1447,1448,1
646,646,2204,2205,1
1971,1971,6406,6407,0
382,382,969,970,1
1440,1440,4710,4711,0
1584,1584,5364,5365,0
2132,2132,6732,6733,0
997,997,3222,3223,0
2364,2364,7203,7204,0
3154,3154,9101,9102,1
4233,4233,17492,17493,0
1503,1503,4989,4990,0
1642,1642,5658,5659,1
1825,1825,6109,6110,0
2723,2723,7961,7962,0
854,854,2700,2701,0
1509,1509,5012,5013,0
4174,4174,17372,17373,0
4178,4178,17380,17381,0
3778,3778,16331,16332,0
1702,1702,5799,5800,1
1639,1639,5652,5653,1
3850,3850,16493,16494,0
660,660,2232,2233,1
3088,3088,8918,8919,1
691,691,2320,2321,1
689,689,2316,2317,1
3126,3126,9011,9012,1
1634,1634,5637,5638,1
2649,2649,7810,7811,0
1808,1808,6050,6051,0
693,693,2324,2325,1
1633,1633,5635,5636,1
3997,3997,16895,16896,0
3233,3233,9306,9307,0
1629,1629,5623,5624,1
1966,1966,6396,6397,0
1938,1938,6340,6341,0
1331,1331,4008,4009,0
694,694,2326,2327,1
107,107,269,270,0
2009,2009,6484,6485,0
3156,3156,9105,9106,1
582,582,1553,1554,1
4011,4011,16936,16937,1
1483,1483,4944,4945,0
2739,2739,7994,7995,0
3973,3973,16843,16844,0
3120,3120,8998,8999,1
4218,4218,17462,17463,1
482,482,1353,1354,1
679,679,2295,2296,1
3830,3830,16444,16445,0
3004,3004,8691,8692,1
501,501,1391,1392,0
682,682,2301,2302,0
1778,1778,5984,5985,0
1638,1638,5650,5651,1
1642,1642,5658,5659,1
407,407,1020,1021,0
4238,4238,17504,17505,0
659,659,2230,2231,1
1623,1623,5608,5609,1
4248,4248,17528,17529,0
1567,1567,5330,5331,0
983,983,3190,3191,0
3966,3966,16826,16827,0
3793,3793,16366,16367,0
966,966,3151,3152,0
115,115,291,292,1
4011,4011,16936,16937,1
1738,1738,5890,5891,0
3676,3676,16093,16094,1
645,645,2202,2203,1
2513,2513,7508,7509,0
3975,3975,16847,16848,1
83,83,211,212,0
2580,2580,7642,7643,0
1886,1886,6234,6235,0
1642,1642,5658,5659,1
1376,1376,4098,4099,1
3468,3468,14344,14345,0
599,599,1587,1588,0
2449,2449,7378,7379,0
1617,1617,5594,5595,0
3157,3157,9107,9108,1
1853,1853,6166,6167,0
3156,3156,9105,9106,1
1278,1278,3901,3902,0
528,528,1445,1446,1
3000,3000,8683,8684,1
1630,1630,5626,5627,1
4040,4040,16995,16996,0
2450,2450,7380,7381,0
1638,1638,5650,5651,1
646,646,2204,2205,1
2837,2837,8222,8223,0
1513,1513,5055,5056,0
528,528,1445,1446,1
693,693,2324,2325,1
115,115,291,292,1
3126,3126,9011,9012,1
3638,3638,15964,15965,1
608,608,1605,1606,1
1626,1626,5614,5615,1
3162,3162,9119,9120,0
3129,3129,9017,9018,1
2880,2880,8362,8363,0
4229,4229,17484,17485,0
2735,2735,7986,7987,0
791,791,2564,2565,0
1505,1505,4993,4994,0
1625,1625,5612,5613,1
617,617,1623,1624,1
608,608,1605,1606,1
1635,1635,5640,5641,1
2425,2425,7325,7326,0
2472,2472,7426,7427,0
531,531,1451,1452,1
940,940,3098,3099,0
3963,3963,16819,16820,0
3712,3712,16184,16185,0
732,732,2432,2433,0
4011,4011,16936,16937,1
1682,1682,5747,5748,0
3360,3360,9598,9599,0
3729,3729,16223,16224,0
2884,2884,8375,8376,0
3156,3156,9105,9106,1
2805,2805,8134,8135,0
3440,3440,10487,10488,0
679,679,2295,2296,1
689,689,2316,2317,1
686,686,2309,2310,1
4132,4132,17246,17247,0
3975,3975,16847,16848,1
3615,3615,15898,15899,0
1624,1624,5610,5611,1
309,309,777,778,1
2006,2006,6478,6479,0
3311,3311,9486,9487,0
1624,1624,5610,5611,1
3975,3975,16847,16848,1
3676,3676,16093,16094,1
1406,1406,4158,4159,0
1295,1295,3935,3936,0
2965,2965,8584,8585,0
2369,2369,7213,7214,0
1642,1642,5658,5659,1
1640,1640,5654,5655,1
691,691,2320,2321,1
1603,1603,5562,5563,1
1603,1603,5562,5563,1
3638,3638,15964,15965,1
693,693,2324,2325,1
1313,1313,3971,3972,0
3004,3004,8691,8692,1
689,689,2316,2317,1
641,641,2194,2195,0
679,679,2295,2296,1
2715,2715,7945,7946,0
2825,2825,8195,8196,0
3388,3388,9723,9724,0
1885,1885,6232,6233,0
1630,1630,5626,5627,1
531,531,1451,1452,1
3991,3991,16882,16883,0
3075,3075,8858,8859,1
482,482,1353,1354,1
1955,1955,6374,6375,0
3434,3434,10474,10475,0
1635,1635,5640,5641,1
3129,3129,9017,9018,1
3152,3152,9097,9098,1
647,647,2206,2207,1
1631,1631,5630,5631,1
1626,1626,5614,5615,1
3000,3000,8683,8684,1
494,494,1377,1378,0
1633,1633,5635,5636,1
3365,3365,9609,9610,0
530,530,1449,1450,1
3150,3150,9089,9090,1
2573,2573,7628,7629,0
528,528,1445,1446,1
410,410,1026,1027,0
3639,3639,15966,15967,1
482,482,1353,1354,1
4011,4011,16936,16937,1
3627,3627,15942,15943,0
1629,1629,5623,5624,1
901,901,2975,2976,0
1702,1702,5799,5800,1
3908,3908,16685,16686,1
1729,1729,5867,5868,0
3004,3004,8691,8692,1
4253,4253,17538,17539,0
897,897,2929,2930,0
3217,3217,9270,9271,0
1642,1642,5658,5659,1
1399,1399,4144,4145,0
891,891,2884,2885,0
2818,2818,8172,8173,0
3638,3638,15964,15965,1
711,711,2379,2380,0
697,697,2335,2336,1
2253,2253,6981,6982,0
1376,1376,4098,4099,1
2673,2673,7861,7862,0
2399,2399,7273,7274,0
11,11,36,37,0
1640,1640,5654,5655,1
2865,2865,8293,8294,0
2392,2392,7259,7260,0
1642,1642,5658,5659,1
2667,2667,7849,7850,0
530,530,1449,1450,1
531,531,1451,1452,1
3152,3152,9097,9098,1
444,444,1148,1149,0
3156,3156,9105,9106,1
3152,3152,9097,9098,1
2983,2983,8628,8629,1
191,191,517,518,0
2746,2746,8009,8010,0
528,528,1445,1446,1
1487,1487,4954,4955,0
3975,3975,16847,16848,1
549,549,1487,1488,0
697,697,2335,2336,1
1637,1637,5648,5649,1
1013,1013,3261,3262,0
3147,3147,9083,9084,1
3676,3676,16093,16094,1
1119,1119,3526,3527,0
1005,1005,3239,3240,0
3981,3981,16862,16863,0
1543,1543,5191,5192,0
3331,3331,9537,9538,0
679,679,2295,2296,1
529,529,1447,1448,1
163,163,422,423,1
3917,3917,16703,16704,0
1625,1625,5612,5613,1
880,880,2794,2795,0
3126,3126,9011,9012,1
531,531,1451,1452,1
2678,2678,7871,7872,0
1512,1512,5025,5026,0
2140,2140,6748,6749,0
3335,3335,9545,9546,0
660,660,2232,2233,1
4199,4199,17422,17423,0
3000,3000,8683,8684,1
3125,3125,9009,9010,1
1633,1633,5635,5636,1
1484,1484,4946,4947,0
292,292,743,744,0
2842,2842,8232,8233,0
582,582,1553,1554,1
3641,3641,15970,15971,0
1641,1641,5656,5657,1
647,647,2206,2207,1
2854,2854,8256,8257,0
1626,1626,5614,5615,1
1476,1476,4929,4930,0
1625,1625,5612,5613,1
608,608,1605,1606,1
1640,1640,5654,5655,1
4227,4227,17480,17481,0
3004,3004,8691,8692,1
3499,3499,14732,14733,1
3847,3847,16486,16487,0
3946,3946,16768,16769,0
3129,3129,9017,9018,1
3638,3638,15964,15965,1
482,482,1353,1354,1
1901,1901,6264,6265,0
708,708,2373,2374,0
2534,2534,7550,7551,0
3148,3148,9085,9086,1
3088,3088,8918,8919,1
3242,3242,9324,9325,0
3204,3204,9244,9245,0
653,653,2218,2219,0
1702,1702,5799,5800,1
2765,2765,8048,8049,0
1635,1635,5640,5641,1
1428,1428,4359,4360,0
530,530,1449,1450,1
3499,3499,14732,14733,1
608,608,1605,1606,1
4218,4218,17462,17463,1
691,691,2320,2321,1
751,751,2470,2471,0
382,382,969,970,1
1627,1627,5616,5617,1
3843,3843,16473,16474,0
691,691,2320,2321,1
2990,2990,8659,8660,0
647,647,2206,2207,1
1009,1009,3253,3254,0
3042,3042,8787,8788,0
2983,2983,8628,8629,1
3088,3088,8918,8919,1
581,581,1551,1552,1
1638,1638,5650,5651,1
4176,4176,17376,17377,0
1305,1305,3955,3956,0
1025,1025,3285,3286,0
1188,1188,3681,3682,0
530,530,1449,1450,1
4017,4017,16949,16950,0
115,115,291,292,1
482,482,1353,1354,1
482,482,1353,1354,1
2410,2410,7295,7296,0
382,382,969,970,1
3676,3676,16093,16094,1
686,686,2309,2310,1
1637,1637,5648,5649,1
3684,3684,16120,16121,0
1851,1851,6162,6163,0
3565,3565,15791,15792,0
1074,1074,3418,3419,0
1723,1723,5855,5856,0
3004,3004,8691,8692,1
532,532,1453,1454,1
3638,3638,15964,15965,1
3638,3638,15964,15965,1
2595,2595,7672,7673,0
3126,3126,9011,9012,1
484,484,1357,1358,0
1627,1627,5616,5617,1
1413,1413,4172,4173,0
1071,1071,3405,3406,0
3639,3639,15966,15967,1
1641,1641,5656,5657,1
686,686,2309,2310,1
3129,3129,9017,9018,1
3908,3908,16685,16686,1
2607,2607,7696,7697,0
3638,3638,15964,15965,1
3879,3879,16573,16574,0
2351,2351,7177,7178,0
1736,1736,5884,5885,0
531,531,1451,1452,1
1634,1634,5637,5638,1
1565,1565,5326,5327,0
2693,2693,7901,7902,0
3088,3088,8918,8919,1
693,693,2324,2325,1
115,115,291,292,1
1639,1639,5652,5653,1
4182,4182,17388,17389,0
4065,4065,17050,17051,0
2972,2972,8598,8599,0
929,929,3065,3066,0
1640,1640,5654,5655,1
749,749,2466,2467,0
3676,3676,16093,16094,1
1635,1635,5640,5641,1
679,679,2295,2296,1
4218,4218,17462,17463,1
2908,2908,8446,8447,0
2516,2516,7514,7515,0
115,115,291,292,1
1389,1389,4124,4125,0
2998,2998,8675,8676,0
263,263,680,681,0
530,530,1449,1450,1
1635,1635,5640,5641,1
403,403,1012,1013,0
3995,3995,16890,16891,0
3157,3157,9107,9108,1
2869,2869,8305,8306,0
531,531,1451,1452,1
3004,3004,8691,8692,1
2064,2064,6596,6597,0
3676,3676,16093,16094,1
3126,3126,9011,9012,1
1630,1630,5626,5627,1
678,678,2293,2294,1
679,679,2295,2296,1
3937,3937,16749,16750,0
691,691,2320,2321,1
3147,3147,9083,9084,1
1638,1638,5650,5651,1
3091,3091,8924,8925,0
3276,3276,9413,9414,0
2956,2956,8566,8567,0
659,659,2230,2231,1
3146,3146,9071,9072,1
4146,4146,17300,17301,0
3120,3120,8998,8999,1
3351,3351,9580,9581,0
2851,2851,8250,8251,0
3676,3676,16093,16094,1
987,987,3201,3202,0
3224,3224,9284,9285,0
1637,1637,5648,5649,1
71,71,187,188,0
358,358,914,915,0
787,787,2556,2557,0
2130,2130,6728,6729,0
670,670,2276,2277,0
3146,3146,9071,9072,1
1492,1492,4964,4965,0
3465,3465,14337,14338,0
1177,1177,3659,3660,0
529,529,1447,1448,1
1635,1635,5640,5641,1
659,659,2230,2231,1
156,156,408,409,0
4030,4030,16975,16976,0
1760,1760,5937,5938,0
1626,1626,5614,5615,1
2647,2647,7806,7807,0
1630,1630,5626,5627,1
617,617,1623,1624,1
1350,1350,4046,4047,0
1312,1312,3969,3970,0
581,581,1551,1552,1
1946,1946,6356,6357,0
1633,1633,5635,5636,1
309,309,777,778,1
1635,1635,5640,5641,1
2560,2560,7602,7603,0
1628,1628,5621,5622,1
1627,1627,5616,5617,1
1120,1120,3528,3529,0
3285,3285,9431,9432,0
3000,3000,8683,8684,1
1052,1052,3364,3365,0
660,660,2232,2233,1
2065,2065,6598,6599,0
3129,3129,9017,9018,1
2690,2690,7895,7896,0
1705,1705,5806,5807,0
1640,1640,5654,5655,1
2545,2545,7572,7573,0
1562,1562,5262,5263,0
3975,3975,16847,16848,1
1891,1891,6244,6245,0
3126,3126,9011,9012,1
1640,1640,5654,5655,1
3120,3120,8998,8999,1
1702,1702,5799,5800,1
3146,3146,9071,9072,1
678,678,2293,2294,1
115,115,291,292,1
3400,3400,9747,9748,0
314,314,787,788,0
1969,1969,6402,6403,0
1338,1338,4022,4023,0
1376,1376,4098,4099,1
1485,1485,4949,4950,0
90,90,228,229,0
1697,1697,5777,5778,0
548,548,1485,1486,0
2001,2001,6468,6469,0
2928,2928,8504,8505,0
1641,1641,5656,5657,1
3075,3075,8858,8859,1
1634,1634,5637,5638,1
3499,3499,14732,14733,1
3954,3954,16796,16797,0
528,528,1445,1446,1
3531,3531,15704,15705,0
3766,3766,16306,16307,0
1359,1359,4064,4065,0
3147,3147,9083,9084,1
678,678,2293,2294,1
3925,3925,16719,16720,0
4000,4000,16901,16902,0
1630,1630,5626,5627,1
691,691,2320,2321,1
3055,3055,8815,8816,0
3075,3075,8858,8859,1
1640,1640,5654,5655,1
3996,3996,16892,16893,0
14,14,42,43,0
581,581,1551,1552,1
3477,3477,14369,14370,0
4041,4041,16997,16998,0
353,353,904,905,0
581,581,1551,1552,1
1732,1732,5874,5875,0
3321,3321,9506,9507,0
4011,4011,16936,16937,1
3379,3379,9705,9706,0
617,617,1623,1624,1
152,152,399,400,0
1628,1628,5621,5622,1
1533,1533,5169,5170,0
3088,3088,8918,8919,1
3125,3125,9009,9010,1
608,608,1605,1606,1
196,196,534,535,0
1880,1880,6221,6222,0
2454,2454,7388,7389,0
1634,1634,5637,5638,1
2171,2171,6817,6818,0
3154,3154,9101,9102,1
1531,1531,5165,5166,0
1089,1089,3466,3467,0
694,694,2326,2327,1
382,382,969,970,1
2101,2101,6670,6671,0
3075,3075,8858,8859,1
3148,3148,9085,9086,1
3126,3126,9011,9012,1
2231,2231,6937,6938,0
3027,3027,8745,8746,0
3640,3640,15968,15969,1
1376,1376,4098,4099,1
4059,4059,17034,17035,0
3809,3809,16401,16402,0
3422,3422,9996,9997,0
1080,1080,3446,3447,0
693,693,2324,2325,1
2117,2117,6702,6703,0
1624,1624,5610,5611,1
1943,1943,6350,6351,0
4218,4218,17462,17463,1
2983,2983,8628,8629,1
678,678,2293,2294,1
1057,1057,3374,3375,0
3414,3414,9775,9776,0
688,688,2314,2315,0
1631,1631,5630,5631,1
62,62,164,165,0
1627,1627,5616,5617,1
3154,3154,9101,9102,1
1640,1640,5654,5655,1
1623,1623,5608,5609,1
2508,2508,7498,7499,0
1514,1514,5099,5100,0
3154,3154,9101,9102,1
3125,3125,9009,9010,1
2318,2318,7111,7112,0
1623,1623,5608,5609,1
3639,3639,15966,15967,1
113,113,287,288,0
3639,3639,15966,15967,1
3154,3154,9101,9102,1
1625,1625,5612,5613,1
2380,2380,7235,7236,0
2097,2097,6662,6663,0
694,694,2326,2327,1
3640,3640,15968,15969,1
645,645,2202,2203,1
617,617,1623,1624,1
69,69,179,180,0
900,900,2972,2973,0
3865,3865,16539,16540,0
3146,3146,9071,9072,1
2619,2619,7722,7723,0
1131,1131,3550,3551,0
1326,1326,3998,3999,0
1641,1641,5656,5657,1
3676,3676,16093,16094,1
697,697,2335,2336,1
4144,4144,17296,17297,0
224,224,596,597,0
1496,1496,4973,4974,0
608,608,1605,1606,1
1591,1591,5527,5528,0
1306,1306,3957,3958,0
583,583,1555,1556,1
2295,2295,7065,7066,0
2354,2354,7183,7184,0
697,697,2335,2336,1
2788,2788,8100,8101,0
1635,1635,5640,5641,1
645,645,2202,2203,1
714,714,2385,2386,0
3112,3112,8981,8982,0
2731,2731,7978,7979,0
1638,1638,5650,5651,1
2554,2554,7590,7591,0
3628,3628,15944,15945,0
3000,3000,8683,8684,1
1611,1611,5582,5583,0
3156,3156,9105,9106,1
1603,1603,5562,5563,1
2762,2762,8041,8042,0
3290,3290,9441,9442,0
1639,1639,5652,5653,1
2800,2800,8124,8125,0
2533,2533,7548,7549,0
1809,1809,6052,6053,0
3640,3640,15968,15969,1
482,482,1353,1354,1
340,340,874,875,0
2414,2414,7303,7304,0
2736,2736,7988,7989,0
3085,3085,8908,8909,0
691,691,2320,2321,1
686,686,2309,2310,1
1910,1910,6284,6285,0
2445,2445,7370,7371,0
697,697,2335,2336,1
1580,1580,5356,5357,0
1710,1710,5829,5830,0
645,645,2202,2203,1
232,232,613,614,0
582,582,1553,1554,1
581,581,1551,1552,1
689,689,2316,2317,1
631,631,1990,1991,0
3075,3075,8858,8859,1
3676,3676,16093,16094,1
1376,1376,4098,4099,1
1642,1642,5658,5659,1
379,379,956,957,0
39,39,96,97,0
3157,3157,9107,9108,1
1376,1376,4098,4099,1
1947,1947,6358,6359,0
1642,1642,5658,5659,1
2030,2030,6527,6528,0
2119,2119,6706,6707,0
1409,1409,4164,4165,0
273,273,700,701,0
689,689,2316,2317,1
2836,2836,8220,8221,0
2552,2552,7586,7587,0
1630,1630,5626,5627,1
2983,2983,8628,8629,1
2983,2983,8628,8629,1
3735,3735,16235,16236,0
2195,2195,6865,6866,0
3129,3129,9017,9018,1
1623,1623,5608,5609,1
617,617,1623,1624,1
3131,3131,9021,9022,0
310,310,779,780,0
472,472,1333,1334,0
645,645,2202,2203,1
4189,4189,17402,17403,0
645,645,2202,2203,1
645,645,2202,2203,1
2050,2050,6568,6569,0
3004,3004,8691,8692,1
3561,3561,15783,15784,0
4112,4112,17179,17180,0
2189,2189,6853,6854,0
3645,3645,15979,15980,0
528,528,1445,1446,1
617,617,1623,1624,1
4205,4205,17435,17436,0
1281,1281,3907,3908,0
482,482,1353,1354,1
742,742,2452,2453,0
2209,2209,6893,6894,0
3093,3093,8928,8929,0
1629,1629,5623,5624,1
4073,4073,17066,17067,0
1631,1631,5630,5631,1
1231,1231,3807,3808,0
1792,1792,6018,6019,0
2716,2716,7947,7948,0
1627,1627,5616,5617,1
582,582,1553,1554,1
660,660,2232,2233,1
482,482,1353,1354,1
3548,3548,15751,15752,0
3913,3913,16695,16696,0
382,382,969,970,1
1630,1630,5626,5627,1
694,694,2326,2327,1
3154,3154,9101,9102,1
482,482,1353,1354,1
1895,1895,6252,6253,0
4078,4078,17080,17081,0
1953,1953,6370,6371,0
3000,3000,8683,8684,1
3563,3563,15787,15788,0
1528,1528,5159,5160,0
583,583,1555,1556,1
2793,2793,8110,8111,0
645,645,2202,2203,1
3148,3148,9085,9086,1
1162,1162,3629,3630,0
659,659,2230,2231,1
2844,2844,8236,8237,0
3000,3000,8683,8684,1
3320,3320,9504,9505,0
529,529,1447,1448,1
532,532,1453,1454,1
163,163,422,423,1
884,884,2868,2869,0
3157,3157,9107,9108,1
3908,3908,16685,16686,1
604,604,1597,1598,0
105,105,265,266,0
659,659,2230,2231,1
1001,1001,3230,3231,0
3239,3239,9318,9319,0
424,424,1059,1060,0
694,694,2326,2327,1
1357,1357,4060,4061,0
660,660,2232,2233,1
3157,3157,9107,9108,1
3474,3474,14363,14364,0
1144,1144,3593,3594,0
1314,1314,3973,3974,0
3496,3496,14612,14613,0
3152,3152,9097,9098,1
198,198,538,539,0
1914,1914,6292,6293,0
3448,3448,14303,14304,0
4192,4192,17408,17409,0
1635,1635,5640,5641,1
3157,3157,9107,9108,1
3632,3632,15952,15953,0
824,824,2635,2636,0
2206,2206,6887,6888,0
1743,1743,5900,5901,0
660,660,2232,2233,1
1630,1630,5626,5627,1
3908,3908,16685,16686,1
674,674,2284,2285,0
1836,1836,6131,6132,0
3316,3316,9496,9497,0
86,86,217,218,0
3639,3639,15966,15967,1
1639,1639,5652,5653,1
1960,1960,6384,6385,0
608,608,1605,1606,1
3154,3154,9101,9102,1
581,581,1551,1552,1
3676,3676,16093,16094,1
1634,1634,5637,5638,1
2784,2784,8092,8093,0
826,826,2639,2640,0
1367,1367,4080,4081,0
218,218,581,582,0
1627,1627,5616,5617,1
3146,3146,9071,9072,1
1631,1631,5630,5631,1
3129,3129,9017,9018,1
357,357,912,913,0
1553,1553,5242,5243,0
3502,3502,15292,15293,0
3639,3639,15966,15967,1
647,647,2206,2207,1
3499,3499,14732,14733,1
528,528,1445,1446,1
3013,3013,8709,8710,0
645,645,2202,2203,1
1603,1603,5562,5563,1
41,41,104,105,0
1376,1376,4098,4099,1
2324,2324,7123,7124,0
1235,1235,3815,3816,0
888,888,2876,2877,0
2076,2076,6620,6621,0
2048,2048,6564,6565,0
3129,3129,9017,9018,1
1603,1603,5562,5563,1
581,581,1551,1552,1
309,309,777,778,1
3150,3150,9089,9090,1
4091,4091,17129,17130,0
1635,1635,5640,5641,1
1642,1642,5658,5659,1
2887,2887,8396,8397,0
3154,3154,9101,9102,1
617,617,1623,1624,1
2320,2320,7115,7116,0
3072,3072,8852,8853,0
1699,1699,5781,5782,0
528,528,1445,1446,1
1290,1290,3925,3926,0
3796,3796,16372,16373,0
646,646,2204,2205,1
1623,1623,5608,5609,1
582,582,1553,1554,1
2111,2111,6690,6691,0
1491,1491,4962,4963,1
4066,4066,17052,17053,0
2228,2228,6931,6932,0
678,678,2293,2294,1
2294,2294,7063,7064,0
608,608,1605,1606,1
657,657,2226,2227,0
1637,1637,5648,5649,1
743,743,2454,2455,0
3521,3521,15682,15683,0
1633,1633,5635,5636,1
689,689,2316,2317,1
1634,1634,5637,5638,1
214,214,573,574,0
1983,1983,6431,6432,0
529,529,1447,1448,1
1603,1603,5562,5563,1
3882,3882,16581,16582,0
2323,2323,7121,7122,0
2193,2193,6861,6862,0
1130,1130,3548,3549,0
367,367,932,933,0
660,660,2232,2233,1
385,385,975,976,0
2512,2512,7506,7507,0
569,569,1527,1528,0
990,990,3208,3209,0
2426,2426,7327,7328,0
617,617,1623,1624,1
531,531,1451,1452,1
3908,3908,16685,16686,1
2583,2583,7648,7649,0
660,660,2232,2233,1
939,939,3096,3097,0
875,875,2742,2743,0
3943,3943,16762,16763,0
2175,2175,6825,6826,0
2115,2115,6698,6699,0
1642,1642,5658,5659,1
927,927,3061,3062,0
659,659,2230,2231,1
1135,1135,3560,3561,0
528,528,1445,1446,1
660,660,2232,2233,1
3798,3798,16376,16377,0
1637,1637,5648,5649,1
4011,4011,16936,16937,1
66,66,172,173,0
3907,3907,16683,16684,0
3469,3469,14346,14347,0
530,530,1449,1450,1
1640,1640,5654,5655,1
3831,3831,16446,16447,0
163,163,422,423,1
4085,4085,17117,17118,0
3156,3156,9105,9106,1
396,396,998,999,0
3125,3125,9009,9010,1
528,528,1445,1446,1
2110,2110,6688,6689,0
4258,4258,17548,17549,0
1920,1920,6304,6305,0
1627,1627,5616,5617,1
3200,3200,9215,9216,0
3578,3578,15821,15822,0
1702,1702,5799,5800,1
1637,1637,5648,5649,1
3147,3147,9083,9084,1
532,532,1453,1454,1
3053,3053,8811,8812,0
617,617,1623,1624,1
1491,1491,4962,4963,1
1252,1252,3849,3850,0
646,646,2204,2205,1
617,617,1623,1624,1
1272,1272,3889,3890,0
3273,3273,9390,9391,0
138,138,355,356,0
646,646,2204,2205,1
1376,1376,4098,4099,1
686,686,2309,2310,1
1637,1637,5648,5649,1
531,531,1451,1452,1
1637,1637,5648,5649,1
3582,3582,15829,15830,0
3419,3419,9785,9786,0
3154,3154,9101,9102,1
3154,3154,9101,9102,1
583,583,1555,1556,1
738,738,2444,2445,0
3156,3156,9105,9106,1
2773,2773,8070,8071,0
3150,3150,9089,9090,1
3075,3075,8858,8859,1
529,529,1447,1448,1
1624,1624,5610,5611,1
1999,1999,6464,6465,0
115,115,291,292,1
3208,3208,9252,9253,0
842,842,2675,2676,0
694,694,2326,2327,1
3900,3900,16635,16636,0
4109,4109,17173,17174,0
686,686,2309,2310,1
1277,1277,3899,3900,0
647,647,2206,2207,1
4169,4169,17362,17363,0
1629,1629,5623,5624,1
1639,1639,5652,5653,1
3638,3638,15964,15965,1
3000,3000,8683,8684,1
811,811,2604,2605,0
694,694,2326,2327,1
532,532,1453,1454,1
1628,1628,5621,5622,1
1121,1121,3530,3531,0
1236,1236,3817,3818,0
3000,3000,8683,8684,1
1624,1624,5610,5611,1
4218,4218,17462,17463,1
1626,1626,5614,5615,1
980,980,3184,3185,0
2123,2123,6714,6715,0
4218,4218,17462,17463,1
1702,1702,5799,5800,1
3499,3499,14732,14733,1
679,679,2295,2296,1
3705,3705,16166,16167,0
140,140,359,360,0
2113,2113,6694,6695,0
3780,3780,16337,16338,0
3254,3254,9351,9352,0
2480,2480,7442,7443,0
4103,4103,17159,17160,0
3475,3475,14365,14366,0
702,702,2361,2362,0
4202,4202,17429,17430,0
2230,2230,6935,6936,0
2490,2490,7462,7463,0
1036,1036,3323,3324,0
2733,2733,7982,7983,0
1625,1625,5612,5613,1
1774,1774,5972,5973,0
3279,3279,9419,9420,0
1268,1268,3881,3882,0
135,135,349,350,0
1639,1639,5652,5653,1
1629,1629,5623,5624,1
309,309,777,778,1
3522,3522,15684,15685,0
3732,3732,16229,16230,0
3597,3597,15859,15860,0
1623,1623,5608,5609,1
4006,4006,16913,16914,0
1637,1637,5648,5649,1
3631,3631,15950,15951,0
801,801,2584,2585,0
3147,3147,9083,9084,1
3154,3154,9101,9102,1
1511,1511,5016,5017,0
617,617,1623,1624,1
2484,2484,7450,7451,0
686,686,2309,2310,1
392,392,990,991,0
1604,1604,5564,5565,0
3152,3152,9097,9098,1
789,789,2560,2561,0
1603,1603,5562,5563,1
1603,1603,5562,5563,1
2569,2569,7620,7621,0
686,686,2309,2310,1
1899,1899,6260,6261,0
3722,3722,16205,16206,0
3146,3146,9071,9072,1
2153,2153,6776,6777,0
368,368,934,935,0
344,344,885,886,0
660,660,2232,2233,1
693,693,2324,2325,1
4153,4153,17314,17315,0
3249,3249,9340,9341,0
2070,2070,6608,6609,0
617,617,1623,1624,1
608,608,1605,1606,1
1633,1633,5635,5636,1
1639,1639,5652,5653,1
3908,3908,16685,16686,1
1852,1852,6164,6165,0
2983,2983,8628,8629,1
2806,2806,8146,8147,0
3078,3078,8885,8886,0
3148,3148,9085,9086,1
2702,2702,7919,7920,0
1625,1625,5612,5613,1
531,531,1451,1452,1
689,689,2316,2317,1
691,691,2320,2321,1
1168,1168,3641,3642,0
1621,1621,5602,5603,0
1179,1179,3663,3664,0
3853,3853,16502,16503,0
1997,1997,6460,6461,0
1376,1376,4098,4099,1
528,528,1445,1446,1
531,531,1451,1452,1
686,686,2309,2310,1
1870,1870,6200,6201,0
269,269,692,693,0
1603,1603,5562,5563,1
3147,3147,9083,9084,1
3179,3179,9165,9166,0
1633,1633,5635,5636,1
2781,2781,8086,8087,0
1965,1965,6394,6395,0
2898,2898,8421,8422,0
1633,1633,5635,5636,1
582,582,1553,1554,1
1175,1175,3655,3656,0
697,697,2335,2336,1
3120,3120,8998,8999,1
590,590,1569,1570,0
4161,4161,17330,17331,0
1640,1640,5654,5655,1
2133,2133,6734,6735,0
3975,3975,16847,16848,1
645,645,2202,2203,1
3120,3120,8998,8999,1
4145,4145,17298,17299,0
691,691,2320,2321,1
3328,3328,9530,9531,0
1635,1635,5640,5641,1
3126,3126,9011,9012,1
1635,1635,5640,5641,1
1844,1844,6147,6148,0
3402,3402,9751,9752,0
1633,1633,5635,5636,1
2071,2071,6610,6611,0
4045,4045,17005,17006,0
1788,1788,6010,6011,0
583,583,1555,1556,1
2273,2273,7021,7022,0
2262,2262,6999,7000,0
1488,1488,4956,4957,0
1671,1671,5725,5726,0
397,397,1000,1001,0
572,572,1533,1534,0
694,694,2326,2327,1
1634,1634,5637,5638,1
3704,3704,16164,16165,0
528,528,1445,1446,1
3146,3146,9071,9072,1
3514,3514,15663,15664,0
1629,1629,5623,5624,1
1882,1882,6225,6226,0
3908,3908,16685,16686,1
3075,3075,8858,8859,1
1630,1630,5626,5627,1
1624,1624,5610,5611,1
646,646,2204,2205,1
2628,2628,7750,7751,0
3148,3148,9085,9086,1
1630,1630,5626,5627,1
2872,2872,8342,8343,0
1629,1629,5623,5624,1
528,528,1445,1446,1
4218,4218,17462,17463,1
338,338,870,871,0
678,678,2293,2294,1
1343,1343,4032,4033,0
60,60,147,148,0
1642,1642,5658,5659,1
4115,4115,17189,17190,0
3975,3975,16847,16848,1
1628,1628,5621,5622,1
2983,2983,8628,8629,1
905,905,3006,3007,0
393,393,992,993,0
1630,1630,5626,5627,1
586,586,1561,1562,0
3640,3640,15968,15969,1
530,530,1449,1450,1
3815,3815,16413,16414,0
95,95,241,242,0
1702,1702,5799,5800,1
2405,2405,7285,7286,0
1623,1623,5608,5609,1
1633,1633,5635,5636,1
823,823,2633,2634,0
530,530,1449,1450,1
1355,1355,4056,4057,0
3154,3154,9101,9102,1
2978,2978,8618,8619,0
1628,1628,5621,5622,1
606,606,1601,1602,0
1629,1629,5623,5624,1
2657,2657,7829,7830,0
3222,3222,9280,9281,0
405,405,1016,1017,0
1623,1623,5608,5609,1
3520,3520,15680,15681,0
1639,1639,5652,5653,1
382,382,969,970,1
163,163,422,423,1
3231,3231,9301,9302,0
3088,3088,8918,8919,1
996,996,3220,3221,0
1805,1805,6044,6045,0
4011,4011,16936,16937,1
2357,2357,7189,7190,0
1376,1376,4098,4099,1
164,164,424,425,0
4198,4198,17420,17421,0
1474,1474,4925,4926,0
2010,2010,6486,6487,0
689,689,2316,2317,1
1292,1292,3929,3930,0
1639,1639,5652,5653,1
3618,3618,15906,15907,0
3156,3156,9105,9106,1
3640,3640,15968,15969,1
844,844,2680,2681,0
528,528,1445,1446,1
3075,3075,8858,8859,1
150,150,395,396,0
1629,1629,5623,5624,1
382,382,969,970,1
4127,4127,17231,17232,0
1630,1630,5626,5627,1
3887,3887,16595,16596,0
581,581,1551,1552,1
686,686,2309,2310,1
678,678,2293,2294,1
1603,1603,5562,5563,1
163,163,422,423,1
1106,1106,3500,3501,0
3933,3933,16738,16739,0
3988,3988,16876,16877,0
3126,3126,9011,9012,1
2049,2049,6566,6567,0
2196,2196,6867,6868,0
635,635,2182,2183,0
222,222,592,593,0
3004,3004,8691,8692,1
115,115,291,292,1
2368,2368,7211,7212,0
194,194,530,531,0
659,659,2230,2231,1
3517,3517,15671,15672,0
3638,3638,15964,15965,1
4021,4021,16957,16958,0
1627,1627,5616,5617,1
3156,3156,9105,9106,1
303,303,765,766,0
1702,1702,5799,5800,1
2529,2529,7540,7541,0
639,639,2190,2191,0
790,790,2562,2563,0
1702,1702,5799,5800,1
2481,2481,7444,7445,0
1652,1652,5678,5679,0
1635,1635,5640,5641,1
693,693,2324,2325,1
913,913,3033,3034,0
2631,2631,7768,7769,0
1376,1376,4098,4099,1
1634,1634,5637,5638,1
2604,2604,7690,7691,0
532,532,1453,1454,1
1044,1044,3339,3340,0
1635,1635,5640,5641,1
3633,3633,15954,15955,0
1218,1218,3781,3782,0
532,532,1453,1454,1
1376,1376,4098,4099,1
3000,3000,8683,8684,1
309,309,777,778,1
660,660,2232,2233,1
3156,3156,9105,9106,1
1627,1627,5616,5617,1
3198,3198,9211,9212,0
531,531,1451,1452,1
3126,3126,9011,9012,1
1683,1683,5749,5750,0
679,679,2295,2296,1
2177,2177,6829,6830,0
1623,1623,5608,5609,1
4218,4218,17462,17463,1
581,581,1551,1552,1
689,689,2316,2317,1
163,163,422,423,1
3165,3165,9133,9134,0
659,659,2230,2231,1
3148,3148,9085,9086,1
3075,3075,8858,8859,1
3129,3129,9017,9018,1
1623,1623,5608,5609,1
3004,3004,8691,8692,1
678,678,2293,2294,1
1642,1642,5658,5659,1
3270,3270,9384,9385,0
1593,1593,5531,5532,0
2983,2983,8628,8629,1
3012,3012,8707,8708,0
1702,1702,5799,5800,1
1790,1790,6014,6015,0
1628,1628,5621,5622,1
1635,1635,5640,5641,1
2507,2507,7496,7497,0
1254,1254,3853,3854,0
2941,2941,8530,8531,0
3150,3150,9089,9090,1
2331,2331,7137,7138,0
930,930,3067,3068,0
3120,3120,8998,8999,1
3914,3914,16697,16698,0
1491,1491,4962,4963,1
2312,2312,7099,7100,0
814,814,2615,2616,0
3655,3655,16016,16017,0
1625,1625,5612,5613,1
928,928,3063,3064,0
381,381,967,968,0
115,115,291,292,1
1397,1397,4140,4141,0
1874,1874,6208,6209,0
1642,1642,5658,5659,1
2863,2863,8287,8288,0
1685,1685,5753,5754,0
3689,3689,16134,16135,0
1640,1640,5654,5655,1
3908,3908,16685,16686,1
1447,1447,4827,4828,0
3750,3750,16271,16272,0
146,146,387,388,0
3972,3972,16841,16842,0
1625,1625,5612,5613,1
834,834,2655,2656,0
645,645,2202,2203,1
3639,3639,15966,15967,1
2102,2102,6672,6673,0
551,551,1491,1492,0
3998,3998,16897,16898,0
952,952,3123,3124,0
1846,1846,6151,6152,0
2738,2738,7992,7993,0
571,571,1531,1532,0
697,697,2335,2336,1
646,646,2204,2205,1
2712,2712,7939,7940,0
1625,1625,5612,5613,1
1635,1635,5640,5641,1
3088,3088,8918,8919,1
323,323,807,808,0
532,532,1453,1454,1
899,899,2950,2951,0
1986,1986,6438,6439,0
694,694,2326,2327,1
3157,3157,9107,9108,1
3148,3148,9085,9086,1
3639,3639,15966,15967,1
3129,3129,9017,9018,1
68,68,177,178,0
995,995,3218,3219,0
3470,3470,14348,14349,0
3004,3004,8691,8692,1
2989,2989,8656,8657,0
3368,3368,9678,9679,0
3640,3640,15968,15969,1
917,917,3041,3042,0
3081,3081,8894,8895,0
3125,3125,9009,9010,1
3148,3148,9085,9086,1
1626,1626,5614,5615,1
1494,1494,4969,4970,0
2625,2625,7744,7745,0
3129,3129,9017,9018,1
697,697,2335,2336,1
235,235,619,620,0
65,65,170,171,0
2345,2345,7165,7166,0
748,748,2464,2465,0
1745,1745,5904,5905,0
2860,2860,8281,8282,0
3820,3820,16423,16424,0
3157,3157,9107,9108,1
2222,2222,6919,6920,0
134,134,347,348,0
3770,3770,16314,16315,0
1637,1637,5648,5649,1
3156,3156,9105,9106,1
1569,1569,5334,5335,0
659,659,2230,2231,1
3000,3000,8683,8684,1
1638,1638,5650,5651,1
1642,1642,5658,5659,1
2961,2961,8576,8577,0
1626,1626,5614,5615,1
4209,4209,17444,17445,0
1640,1640,5654,5655,1
1634,1634,5637,5638,1
921,921,3049,3050,0
3476,3476,14367,14368,0
1945,1945,6354,6355,0
3088,3088,8918,8919,1
1376,1376,4098,4099,1
1630,1630,5626,5627,1
3676,3676,16093,16094,1
3150,3150,9089,9090,1
4214,4214,17454,17455,0
3765,3765,16304,16305,0
4077,4077,17078,17079,0
1064,1064,3388,3389,0
646,646,2204,2205,1
1495,1495,4971,4972,0
2254,2254,6983,6984,0
3309,3309,9482,9483,0
1831,1831,6121,6122,0
1288,1288,3921,3922,0
3908,3908,16685,16686,1
3082,3082,8898,8899,0
1626,1626,5614,5615,1
646,646,2204,2205,1
528,528,1445,1446,1
309,309,777,778,1
3154,3154,9101,9102,1
3792,3792,16364,16365,0
1477,1477,4932,4933,0
3142,3142,9043,9044,0
2493,2493,7468,7469,0
2034,2034,6536,6537,0
624,624,1648,1649,0
689,689,2316,2317,1
3676,3676,16093,16094,1
1376,1376,4098,4099,1
1625,1625,5612,5613,1
3263,3263,9370,9371,0
115,115,291,292,1
1376,1376,4098,4099,1
3000,3000,8683,8684,1
1974,1974,6413,6414,0
163,163,422,423,1
617,617,1623,1624,1
3120,3120,8998,8999,1
3885,3885,16590,16591,0
617,617,1623,1624,1
1642,1642,5658,5659,1
2226,2226,6927,6928,0
1640,1640,5654,5655,1
1003,1003,3234,3235,0
1630,1630,5626,5627,1
821,821,2629,2630,0
1637,1637,5648,5649,1
1334,1334,4014,4015,0
3004,3004,8691,8692,1
2075,2075,6618,6619,0
617,617,1623,1624,1
4044,4044,17003,17004,0
206,206,554,555,0
4089,4089,17125,17126,0
1908,1908,6280,6281,0
1628,1628,5621,5622,1
1181,1181,3667,3668,0
482,482,1353,1354,1
251,251,651,652,0
1631,1631,5630,5631,1
2435,2435,7350,7351,0
50,50,122,123,0
4231,4231,17488,17489,0
2067,2067,6602,6603,0
3146,3146,9071,9072,1
2642,2642,7790,7791,0
2549,2549,7580,7581,0
382,382,969,970,1
4002,4002,16905,16906,0
4121,4121,17203,17204,0
2429,2429,7333,7334,0
290,290,739,740,0
4148,4148,17304,17305,0
3392,3392,9731,9732,0
1634,1634,5637,5638,1
1244,1244,3833,3834,0
1165,1165,3635,3636,0
949,949,3117,3118,0
528,528,1445,1446,1
693,693,2324,2325,1
4218,4218,17462,17463,1
1639,1639,5652,5653,1
1624,1624,5610,5611,1
308,308,775,776,0
4218,4218,17462,17463,1
3156,3156,9105,9106,1
3088,3088,8918,8919,1
2202,2202,6879,6880,0
3154,3154,9101,9102,1
4108,4108,17171,17172,0
659,659,2230,2231,1
3534,3534,15711,15712,0
3716,3716,16192,16193,0
1904,1904,6272,6273,0
694,694,2326,2327,1
3126,3126,9011,9012,1
3640,3640,15968,15969,1
2840,2840,8228,8229,0
3080,3080,8892,8893,0
1631,1631,5630,5631,1
1537,1537,5177,5178,0
446,446,1166,1167,0
2517,2517,7516,7517,0
565,565,1519,1520,0
2501,2501,7484,7485,0
2855,2855,8270,8271,0
1627,1627,5616,5617,1
455,455,1295,1296,0
193,193,528,529,0
2386,2386,7247,7248,0
3640,3640,15968,15969,1
1049,1049,3355,3356,0
2616,2616,7714,7715,0
3148,3148,9085,9086,1
1624,1624,5610,5611,1
2039,2039,6546,6547,0
3503,3503,15297,15298,0
1633,1633,5635,5636,1
1451,1451,4875,4876,0
1626,1626,5614,5615,1
3075,3075,8858,8859,1
645,645,2202,2203,1
38,38,94,95,0
1627,1627,5616,5617,1
3146,3146,9071,9072,1
2740,2740,7996,7997,0
659,659,2230,2231,1
659,659,2230,2231,1
689,689,2316,2317,1
3638,3638,15964,15965,1
2832,2832,8212,8213,0
660,660,2232,2233,1
3866,3866,16542,16543,0
4223,4223,17472,17473,0
1004,1004,3236,3237,0
531,531,1451,1452,1
721,721,2399,2400,0
2430,2430,7335,7336,0
3157,3157,9107,9108,1
436,436,1131,1132,0
382,382,969,970,1
3150,3150,9089,9090,1
1625,1625,5612,5613,1
3120,3120,8998,8999,1
2785,2785,8094,8095,0
1634,1634,5637,5638,1
217,217,579,580,0
583,583,1555,1556,1
4029,4029,16973,16974,0
3638,3638,15964,15965,1
3125,3125,9009,9010,1
1249,1249,3843,3844,0
697,697,2335,2336,1
1470,1470,4917,4918,0
530,530,1449,1450,1
2879,2879,8360,8361,0
1433,1433,4655,4656,0
1806,1806,6046,6047,0
867,867,2726,2727,0
1624,1624,5610,5611,1
1639,1639,5652,5653,1
231,231,611,612,0
1403,1403,4152,4153,0
4128,4128,17233,17234,0
1625,1625,5612,5613,1
2280,2280,7035,7036,0
617,617,1623,1624,1
2026,2026,6519,6520,0
530,530,1449,1450,1
309,309,777,778,1
1624,1624,5610,5611,1
1159,1159,3623,3624,0
1542,1542,5189,5190,0
3573,3573,15811,15812,0
4123,4123,17207,17208,0
3702,3702,16160,16161,0
3157,3157,9107,9108,1
4203,4203,17431,17432,0
1637,1637,5648,5649,1
686,686,2309,2310,1
4034,4034,16983,16984,0
2488,2488,7458,7459,0
3129,3129,9017,9018,1
3157,3157,9107,9108,1
1603,1603,5562,5563,1
3126,3126,9011,9012,1
115,115,291,292,1
693,693,2324,2325,1
1888,1888,6238,6239,0
1633,1633,5635,5636,1
1640,1640,5654,5655,1
259,259,667,668,0
1469,1469,4915,4916,0
3152,3152,9097,9098,1
645,645,2202,2203,1
3003,3003,8689,8690,0
1625,1625,5612,5613,1
2871,2871,8340,8341,0
3000,3000,8683,8684,1
4218,4218,17462,17463,1
3075,3075,8858,8859,1
3156,3156,9105,9106,1
693,693,2324,2325,1
2701,2701,7917,7918,0
2940,2940,8528,8529,0
693,693,2324,2325,1
943,943,3104,3105,0
1905,1905,6274,6275,0
1327,1327,4000,4001,0
4015,4015,16944,16945,0
697,697,2335,2336,1
281,281,717,718,0
1352,1352,4050,4051,0
679,679,2295,2296,1
233,233,615,616,0
309,309,777,778,1
3147,3147,9083,9084,1
1302,1302,3949,3950,0
697,697,2335,2336,1
645,645,2202,2203,1
1638,1638,5650,5651,1
3156,3156,9105,9106,1
115,115,291,292,1
482,482,1353,1354,1
1631,1631,5630,5631,1
2433,2433,7346,7347,0
3549,3549,15756,15757,0
3640,3640,15968,15969,1
646,646,2204,2205,1
423,423,1057,1058,0
697,697,2335,2336,1
309,309,777,778,1
3671,3671,16079,16080,0
3154,3154,9101,9102,1
2981,2981,8624,8625,0
4218,4218,17462,17463,1
3676,3676,16093,16094,1
4036,4036,16987,16988,0
645,645,2202,2203,1
1164,1164,3633,3634,0
1128,1128,3544,3545,0
1585,1585,5366,5367,0
532,532,1453,1454,1
4039,4039,16993,16994,0
531,531,1451,1452,1
482,482,1353,1354,1
3157,3157,9107,9108,1
163,163,422,423,1
3801,3801,16382,16383,0
3908,3908,16685,16686,1
1233,1233,3811,3812,0
2404,2404,7283,7284,0
4111,4111,17177,17178,0
532,532,1453,1454,1
1419,1419,4245,4246,0
1627,1627,5616,5617,1
2983,2983,8628,8629,1
2053,2053,6574,6575,0
3004,3004,8691,8692,1
2099,2099,6666,6667,0
1491,1491,4962,4963,1
3640,3640,15968,15969,1
529,529,1447,1448,1
3805,3805,16392,16393,0
1630,1630,5626,5627,1
2287,2287,7049,7050,0
2983,2983,8628,8629,1
694,694,2326,2327,1
2103,2103,6674,6675,0
1232,1232,3809,3810,0
849,849,2690,2691,0
532,532,1453,1454,1
663,663,2238,2239,0
3125,3125,9009,9010,1
1633,1633,5635,5636,1
3296,3296,9456,9457,0
40,40,98,99,0
3499,3499,14732,14733,1
1072,1072,3408,3409,0
697,697,2335,2336,1
3018,3018,8719,8720,0
3638,3638,15964,15965,1
552,552,1493,1494,0
1546,1546,5197,5198,0
1126,1126,3540,3541,0
1858,1858,6176,6177,0
480,480,1349,1350,0
645,645,2202,2203,1
1379,1379,4104,4105,0
3152,3152,9097,9098,1
3125,3125,9009,9010,1
3126,3126,9011,9012,1
3005,3005,8693,8694,0
3638,3638,15964,15965,1
163,163,422,423,1
2379,2379,7233,7234,0
3984,3984,16868,16869,0
3088,3088,8918,8919,1
2155,2155,6780,6781,0
3257,3257,9357,9358,0
686,686,2309,2310,1
697,697,2335,2336,1
3639,3639,15966,15967,1
531,531,1451,1452,1
1463,1463,4902,4903,0
697,697,2335,2336,1
3152,3152,9097,9098,1
3090,3090,8922,8923,0
528,528,1445,1446,1
3911,3911,16691,16692,0
646,646,2204,2205,1
345,345,887,888,0
866,866,2724,2725,0
2289,2289,7053,7054,0
2335,2335,7145,7146,0
2748,2748,8013,8014,0
2532,2532,7546,7547,0
163,163,422,423,1
3088,3088,8918,8919,1
3638,3638,15964,15965,1
3855,3855,16507,16508,0
1628,1628,5621,5622,1
1970,1970,6404,6405,0
2105,2105,6678,6679,0
3150,3150,9089,9090,1
3146,3146,9071,9072,1
3021,3021,8733,8734,0
3075,3075,8858,8859,1
2720,2720,7955,7956,0
2750,2750,8017,8018,0
1489,1489,4958,4959,0
1625,1625,5612,5613,1
581,581,1551,1552,1
1875,1875,6210,6211,0
686,686,2309,2310,1
4218,4218,17462,17463,1
583,583,1555,1556,1
48,48,118,119,0
3004,3004,8691,8692,1
4011,4011,16936,16937,1
659,659,2230,2231,1
382,382,969,970,1
2672,2672,7859,7860,0
999,999,3226,3227,0
1633,1633,5635,5636,1
659,659,2230,2231,1
3075,3075,8858,8859,1
4007,4007,16915,16916,0
1752,1752,5918,5919,0
1893,1893,6248,6249,0
3000,3000,8683,8684,1
3461,3461,14329,14330,0
689,689,2316,2317,1
3608,3608,15884,15885,0
1633,1633,5635,5636,1
1630,1630,5626,5627,1
1641,1641,5656,5657,1
3056,3056,8817,8818,0
416,416,1043,1044,0
948,948,3115,3116,0
659,659,2230,2231,1
1987,1987,6440,6441,0
2244,2244,6963,6964,0
1626,1626,5614,5615,1
25,25,65,66,0
3004,3004,8691,8692,1
806,806,2594,2595,0
583,583,1555,1556,1
3147,3147,9083,9084,1
693,693,2324,2325,1
3429,3429,10464,10465,0
132,132,336,337,0
3154,3154,9101,9102,1
1161,1161,3627,3628,0
1376,1376,4098,4099,1
1629,1629,5623,5624,1
2302,2302,7079,7080,0
1950,1950,6364,6365,0
3699,3699,16154,16155,0
1473,1473,4923,4924,0
1195,1195,3695,3696,0
1402,1402,4150,4151,0
1298,1298,3941,3942,0
693,693,2324,2325,1
645,645,2202,2203,1
1638,1638,5650,5651,1
3088,3088,8918,8919,1
3993,3993,16886,16887,0
4011,4011,16936,16937,1
3148,3148,9085,9086,1
686,686,2309,2310,1
1625,1625,5612,5613,1
3438,3438,10483,10484,0
3313,3313,9490,9491,0
1629,1629,5623,5624,1
1935,1935,6334,6335,0
3899,3899,16633,16634,0
589,589,1567,1568,0
4058,4058,17032,17033,0
163,163,422,423,1
1638,1638,5650,5651,1
1968,1968,6400,6401,0
528,528,1445,1446,1
3088,3088,8918,8919,1
1517,1517,5106,5107,0
1285,1285,3915,3916,0
667,667,2255,2256,0
3908,3908,16685,16686,1
2104,2104,6676,6677,0
3004,3004,8691,8692,1
3420,3420,9787,9788,0
617,617,1623,1624,1
1627,1627,5616,5617,1
2873,2873,8344,8345,0
3062,3062,8829,8830,0
4101,4101,17153,17154,0
1627,1627,5616,5617,1
3512,3512,15659,15660,0
1992,1992,6450,6451,0
3147,3147,9083,9084,1
1631,1631,5630,5631,1
2792,2792,8108,8109,0
302,302,763,764,0
2536,2536,7554,7555,0
3120,3120,8998,8999,1
1637,1637,5648,5649,1
2779,2779,8082,8083,0
1629,1629,5623,5624,1
1638,1638,5650,5651,1
171,171,438,439,0
3638,3638,15964,15965,1
608,608,1605,1606,1
1534,1534,5171,5172,0
230,230,608,609,0
1637,1637,5648,5649,1
3051,3051,8807,8808,0
2983,2983,8628,8629,1
694,694,2326,2327,1
3004,3004,8691,8692,1
3268,3268,9380,9381,0
759,759,2486,2487,0
2570,2570,7622,7623,0
2776,2776,8076,8077,0
3638,3638,15964,15965,1
1993,1993,6452,6453,0
522,522,1433,1434,0
611,611,1611,1612,0
2617,2617,7716,7717,0
497,497,1383,1384,0
2023,2023,6513,6514,0
4011,4011,16936,16937,1
608,608,1605,1606,1
689,689,2316,2317,1
1491,1491,4962,4963,1
647,647,2206,2207,1
678,678,2293,2294,1
1642,1642,5658,5659,1
1633,1633,5635,5636,1
3764,3764,16302,16303,0
1264,1264,3873,3874,0
529,529,1447,1448,1
1626,1626,5614,5615,1
1376,1376,4098,4099,1
1623,1623,5608,5609,1
3721,3721,16203,16204,0
608,608,1605,1606,1
1639,1639,5652,5653,1
1603,1603,5562,5563,1
70,70,182,183,0
1726,1726,5861,5862,0
2734,2734,7984,7985,0
2412,2412,7299,7300,0
1149,1149,3603,3604,0
4026,4026,16967,16968,0
3638,3638,15964,15965,1
3499,3499,14732,14733,1
3769,3769,16312,16313,0
2681,2681,7877,7878,0
659,659,2230,2231,1
692,692,2322,2323,0
3952,3952,16781,16782,0
3605,3605,15878,15879,0
2313,2313,7101,7102,0
1772,1772,5961,5962,0
583,583,1555,1556,1
1229,1229,3803,3804,0
2894,2894,8410,8411,0
608,608,1605,1606,1
2892,2892,8406,8407,0
3518,3518,15674,15675,0
3126,3126,9011,9012,1
3951,3951,16779,16780,0
945,945,3109,3110,0
4047,4047,17009,17010,0
382,382,969,970,1
2730,2730,7976,7977,0
686,686,2309,2310,1
3499,3499,14732,14733,1
2983,2983,8628,8629,1
694,694,2326,2327,1
3256,3256,9355,9356,0
1633,1633,5635,5636,1
3975,3975,16847,16848,1
660,660,2232,2233,1
2019,2019,6504,6505,0
1958,1958,6380,6381,0
678,678,2293,2294,1
1624,1624,5610,5611,1
1641,1641,5656,5657,1
1748,1748,5910,5911,0
114,114,289,290,0
3326,3326,9525,9526,0
659,659,2230,2231,1
115,115,291,292,1
3154,3154,9101,9102,1
4011,4011,16936,16937,1
3120,3120,8998,8999,1
1642,1642,5658,5659,1
3760,3760,16291,16292,0
3639,3639,15966,15967,1
3672,3672,16081,16082,0
13,13,40,41,0
581,581,1551,1552,1
3591,3591,15847,15848,0
1814,1814,6067,6068,0
694,694,2326,2327,1
1154,1154,3613,3614,0
2795,2795,8114,8115,0
1626,1626,5614,5615,1
582,582,1553,1554,1
3147,3147,9083,9084,1
659,659,2230,2231,1
485,485,1359,1360,0
4014,4014,16942,16943,0
697,697,2335,2336,1
382,382,969,970,1
3157,3157,9107,9108,1
1634,1634,5637,5638,1
115,115,291,292,1
270,270,694,695,0
382,382,969,970,1
309,309,777,778,1
3607,3607,15882,15883,0
528,528,1445,1446,1
532,532,1453,1454,1
1603,1603,5562,5563,1
1376,1376,4098,4099,1
2637,2637,7780,7781,0
3295,3295,9454,9455,0
1304,1304,3953,3954,0
3691,3691,16138,16139,0
163,163,422,423,1
1625,1625,5612,5613,1
382,382,969,970,1
3725,3725,16211,16212,0
2376,2376,7227,7228,0
3129,3129,9017,9018,1
2293,2293,7061,7062,0
3161,3161,9117,9118,0
3216,3216,9268,9269,0
694,694,2326,2327,1
1702,1702,5799,5800,1
1641,1641,5656,5657,1
531,531,1451,1452,1
1275,1275,3895,3896,0
1376,1376,4098,4099,1
1253,1253,3851,3852,0
646,646,2204,2205,1
1640,1640,5654,5655,1
1122,1122,3532,3533,0
1439,1439,4697,4698,0
3154,3154,9101,9102,1
3004,3004,8691,8692,1
523,523,1435,1436,0
1376,1376,4098,4099,1
3004,3004,8691,8692,1
3908,3908,16685,16686,1
3129,3129,9017,9018,1
3126,3126,9011,9012,1
1637,1637,5648,5649,1
3156,3156,9105,9106,1
163,163,422,423,1
3687,3687,16130,16131,0
1797,1797,6028,6029,0
3000,3000,8683,8684,1
1273,1273,3891,3892,0
2061,2061,6590,6591,0
1627,1627,5616,5617,1
1623,1623,5608,5609,1
679,679,2295,2296,1
1500,1500,4981,4982,0
3146,3146,9071,9072,1
3022,3022,8735,8736,0
686,686,2309,2310,1
3154,3154,9101,9102,1
764,764,2496,2497,0
582,582,1553,1554,1
731,731,2430,2431,0
2958,2958,8570,8571,0
382,382,969,970,1
1092,1092,3472,3473,0
3073,3073,8854,8855,0
686,686,2309,2310,1
694,694,2326,2327,1
300,300,759,760,0
1640,1640,5654,5655,1
1208,1208,3760,3761,0
3742,3742,16251,16252,0
1626,1626,5614,5615,1
3156,3156,9105,9106,1
646,646,2204,2205,1
3075,3075,8858,8859,1
3396,3396,9739,9740,0
315,315,789,790,0
254,254,657,658,0
1635,1635,5640,5641,1
4160,4160,17328,17329,0
678,678,2293,2294,1
3126,3126,9011,9012,1
1198,1198,3701,3702,0
2986,2986,8638,8639,0
582,582,1553,1554,1
2278,2278,7031,7032,0
4122,4122,17205,17206,0
1456,1456,4888,4889,0
2983,2983,8628,8629,1
4218,4218,17462,17463,1
3004,3004,8691,8692,1
77,77,199,200,0
659,659,2230,2231,1
799,799,2580,2581,0
2161,2161,6797,6798,0
3123,3123,9004,9005,0
4226,4226,17478,17479,0
2714,2714,7943,7944,0
3000,3000,8683,8684,1
3957,3957,16805,16806,0
1329,1329,4004,4005,0
843,843,2678,2679,0
3156,3156,9105,9106,1
3116,3116,8989,8990,0
3499,3499,14732,14733,1
382,382,969,970,1
1383,1383,4112,4113,0
1633,1633,5635,5636,1
3147,3147,9083,9084,1
246,246,641,642,0
1771,1771,5959,5960,0
1625,1625,5612,5613,1
1735,1735,5881,5882,0
3343,3343,9561,9562,0
1972,1972,6408,6409,0
1199,1199,3703,3704,0
1376,1376,4098,4099,1
31,31,80,81,0
1220,1220,3785,3786,0
100,100,253,254,0
678,678,2293,2294,1
479,479,1347,1348,0
1634,1634,5637,5638,1
659,659,2230,2231,1
3156,3156,9105,9106,1
2397,2397,7269,7270,0
3499,3499,14732,14733,1
2431,2431,7342,7343,0
316,316,791,792,0
660,660,2232,2233,1
679,679,2295,2296,1
574,574,1537,1538,0
115,115,291,292,1
1631,1631,5630,5631,1
3184,3184,9175,9176,0
3975,3975,16847,16848,1
756,756,2480,2481,0
581,581,1551,1552,1
1640,1640,5654,5655,1
1626,1626,5614,5615,1
693,693,2324,2325,1
1245,1245,3835,3836,0
1628,1628,5621,5622,1
3125,3125,9009,9010,1
1635,1635,5640,5641,1
1574,1574,5344,5345,0
1123,1123,3534,3535,0
1626,1626,5614,5615,1
583,583,1555,1556,1
4087,4087,17121,17122,0
3969,3969,16833,16834,0
530,530,1449,1450,1
3000,3000,8683,8684,1
4234,4234,17494,17495,0
1491,1491,4962,4963,1
1702,1702,5799,5800,1
2983,2983,8628,8629,1
334,334,862,863,0
3010,3010,8703,8704,0
26,26,70,71,0
678,678,2293,2294,1
163,163,422,423,1
686,686,2309,2310,1
689,689,2316,2317,1
2882,2882,8366,8367,0
2983,2983,8628,8629,1
582,582,1553,1554,1
3908,3908,16685,16686,1
178,178,463,464,0
1603,1603,5562,5563,1
1803,1803,6040,6041,0
646,646,2204,2205,1
3004,3004,8691,8692,1
2409,2409,7293,7294,0
2367,2367,7209,7210,0
4218,4218,17462,17463,1
220,220,585,586,0
691,691,2320,2321,1
280,280,715,716,0
2261,2261,6997,6998,0
3075,3075,8858,8859,1
3120,3120,8998,8999,1
3580,3580,15825,15826,0
3372,3372,9691,9692,0
32,32,82,83,0
1158,1158,3621,3622,0
2983,2983,8628,8629,1
3088,3088,8918,8919,1
47,47,116,117,0
659,659,2230,2231,1
3288,3288,9437,9438,0
1066,1066,3392,3393,0
1150,1150,3605,3606,0
530,530,1449,1450,1
1141,1141,3572,3573,0
2142,2142,6752,6753,0
2146,2146,6760,6761,0
1638,1638,5650,5651,1
2891,2891,8404,8405,0
3639,3639,15966,15967,1
3154,3154,9101,9102,1
3075,3075,8858,8859,1
2131,2131,6730,6731,0
363,363,924,925,0
767,767,2502,2503,0
686,686,2309,2310,1
67,67,175,176,0
2421,2421,7317,7318,0
3000,3000,8683,8684,1
678,678,2293,2294,1
122,122,305,306,0
1919,1919,6302,6303,0
582,582,1553,1554,1
531,531,1451,1452,1
3374,3374,9695,9696,0
1376,1376,4098,4099,1
617,617,1623,1624,1
3000,3000,8683,8684,1
528,528,1445,1446,1
582,582,1553,1554,1
3156,3156,9105,9106,1
2768,2768,8056,8057,0
2983,2983,8628,8629,1
3075,3075,8858,8859,1
3975,3975,16847,16848,1
969,969,3157,3158,0
3152,3152,9097,9098,1
532,532,1453,1454,1
2847,2847,8242,8243,0
475,475,1339,1340,0
967,967,3153,3154,0
3639,3639,15966,15967,1
694,694,2326,2327,1
3908,3908,16685,16686,1
3639,3639,15966,15967,1
3146,3146,9071,9072,1
3129,3129,9017,9018,1
619,619,1627,1628,0
3371,3371,9689,9690,0
3450,3450,14307,14308,0
2328,2328,7131,7132,0
3157,3157,9107,9108,1
1628,1628,5621,5622,1
531,531,1451,1452,1
583,583,1555,1556,1
1603,1603,5562,5563,1
3408,3408,9763,9764,0
1634,1634,5637,5638,1
2137,2137,6742,6743,0
78,78,201,202,0
4155,4155,17318,17319,0
4218,4218,17462,17463,1
1625,1625,5612,5613,1
2434,2434,7348,7349,0
530,530,1449,1450,1
3120,3120,8998,8999,1
3964,3964,16822,16823,0
2831,2831,8210,8211,0
2339,2339,7153,7154,0
3125,3125,9009,9010,1
694,694,2326,2327,1
3538,3538,15728,15729,0
1061,1061,3382,3383,0
865,865,2722,2723,0
2911,2911,8453,8454,0
2752,2752,8021,8022,0
3129,3129,9017,9018,1
435,435,1129,1130,0
3891,3891,16608,16609,0
3101,3101,8959,8960,0
2381,2381,7237,7238,0
1903,1903,6270,6271,0
1631,1631,5630,5631,1
1642,1642,5658,5659,1
2141,2141,6750,6751,0
1623,1623,5608,5609,1
2321,2321,7117,7118,0
508,508,1405,1406,0
825,825,2637,2638,0
770,770,2514,2515,0
3430,3430,10466,10467,0
42,42,106,107,0
352,352,901,902,0
3898,3898,16631,16632,0
1376,1376,4098,4099,1
1096,1096,3480,3481,0
3000,3000,8683,8684,1
2980,2980,8622,8623,0
689,689,2316,2317,1
1376,1376,4098,4099,1
85,85,215,216,0
3356,3356,9590,9591,0
753,753,2474,2475,0
2068,2068,6604,6605,0
647,647,2206,2207,1
3977,3977,16853,16854,0
705,705,2367,2368,0
645,645,2202,2203,1
617,617,1623,1624,1
1635,1635,5640,5641,1
1631,1631,5630,5631,1
2172,2172,6819,6820,0
827,827,2641,2642,0
1630,1630,5626,5627,1
3282,3282,9425,9426,0
887,887,2874,2875,0
2553,2553,7588,7589,0
1637,1637,5648,5649,1
689,689,2316,2317,1
3157,3157,9107,9108,1
3650,3650,15998,15999,0
3000,3000,8683,8684,1
2384,2384,7243,7244,0
1520,1520,5128,5129,0
2325,2325,7125,7126,0
1124,1124,3536,3537,0
3146,3146,9071,9072,1
2059,2059,6586,6587,0
1491,1491,4962,4963,1
2309,2309,7093,7094,0
189,189,513,514,0
3147,3147,9083,9084,1
769,769,2512,2513,0
285,285,725,726,0
2565,2565,7612,7613,0
581,581,1551,1552,1
4218,4218,17462,17463,1
1364,1364,4074,4075,0
3908,3908,16685,16686,1
686,686,2309,2310,1
3234,3234,9308,9309,0
4150,4150,17308,17309,0
2556,2556,7594,7595,0
581,581,1551,1552,1
1641,1641,5656,5657,1
6,6,20,21,0
581,581,1551,1552,1
694,694,2326,2327,1
1639,1639,5652,5653,1
3088,3088,8918,8919,1
3126,3126,9011,9012,1
2543,2543,7568,7569,0
3202,3202,9220,9221,0
1633,1633,5635,5636,1
660,660,2232,2233,1
1381,1381,4108,4109,0
2134,2134,6736,6737,0
2653,2653,7818,7819,0
3908,3908,16685,16686,1
3120,3120,8998,8999,1
530,530,1449,1450,1
3708,3708,16175,16176,0
660,660,2232,2233,1
3147,3147,9083,9084,1
583,583,1555,1556,1
1225,1225,3795,3796,0
1634,1634,5637,5638,1
2563,2563,7608,7609,0
3120,3120,8998,8999,1
697,697,2335,2336,1
3975,3975,16847,16848,1
4071,4071,17062,17063,0
2062,2062,6592,6593,0
461,461,1311,1312,0
689,689,2316,2317,1
3294,3294,9449,9450,0
1430,1430,4363,4364,0
2586,2586,7654,7655,0
3688,3688,16132,16133,0
2072,2072,6612,6613,0
1906,1906,6276,6277,0
3125,3125,9009,9010,1
871,871,2734,2735,0
4105,4105,17163,17164,0
531,531,1451,1452,1
4218,4218,17462,17463,1
2311,2311,7097,7098,0
704,704,2365,2366,0
678,678,2293,2294,1
3150,3150,9089,9090,1
1626,1626,5614,5615,1
364,364,926,927,0
3992,3992,16884,16885,0
3075,3075,8858,8859,1
163,163,422,423,1
3676,3676,16093,16094,1
2118,2118,6704,6705,0
3647,3647,15983,15984,0
3592,3592,15849,15850,0
2948,2948,8544,8545,0
581,581,1551,1552,1
1625,1625,5612,5613,1
151,151,397,398,0
3146,3146,9071,9072,1
3125,3125,9009,9010,1
1631,1631,5630,5631,1
1191,1191,3687,3688,0
2322,2322,7119,7120,0
1007,1007,3249,3250,0
3789,3789,16358,16359,0
1624,1624,5610,5611,1
1138,1138,3566,3567,0
1378,1378,4102,4103,0
694,694,2326,2327,1
3646,3646,15981,15982,0
2086,2086,6640,6641,0
1640,1640,5654,5655,1
145,145,385,386,0
1627,1627,5616,5617,1
1626,1626,5614,5615,1
2562,2562,7606,7607,0
1221,1221,3787,3788,0
3088,3088,8918,8919,1
2893,2893,8408,8409,0
691,691,2320,2321,1
1629,1629,5623,5624,1
761,761,2490,2491,0
3404,3404,9755,9756,0
3125,3125,9009,9010,1
4022,4022,16959,16960,0
1630,1630,5626,5627,1
678,678,2293,2294,1
1603,1603,5562,5563,1
831,831,2649,2650,0
1069,1069,3398,3399,0
1377,1377,4100,4101,0
531,531,1451,1452,1
3696,3696,16148,16149,0
3194,3194,9200,9201,0
382,382,969,970,1
1020,1020,3275,3276,0
3147,3147,9083,9084,1
3499,3499,14732,14733,1
61,61,154,155,0
851,851,2694,2695,0
3125,3125,9009,9010,1
691,691,2320,2321,1
3126,3126,9011,9012,1
3182,3182,9171,9172,0
2877,2877,8355,8356,0
329,329,819,820,0
460,460,1309,1310,0
645,645,2202,2203,1
529,529,1447,1448,1
2494,2494,7470,7471,0
1641,1641,5656,5657,1
2489,2489,7460,7461,0
697,697,2335,2336,1
1859,1859,6178,6179,0
1627,1627,5616,5617,1
1628,1628,5621,5622,1
847,847,2686,2687,0
2282,2282,7039,7040,0
3125,3125,9009,9010,1
3075,3075,8858,8859,1
660,660,2232,2233,1
577,577,1543,1544,0
647,647,2206,2207,1
646,646,2204,2205,1
1637,1637,5648,5649,1
7,7,22,23,0
1626,1626,5614,5615,1
1635,1635,5640,5641,1
3581,3581,15827,15828,0
4011,4011,16936,16937,1
3587,3587,15839,15840,0
130,130,325,326,0
2377,2377,7229,7230,0
530,530,1449,1450,1
4180,4180,17384,17385,0
3033,3033,8757,8758,0
92,92,232,233,0
1625,1625,5612,5613,1
1234,1234,3813,3814,0
1994,1994,6454,6455,0
3436,3436,10478,10479,0
910,910,3027,3028,0
1625,1625,5612,5613,1
3170,3170,9144,9145,0
531,531,1451,1452,1
2398,2398,7271,7272,0
3940,3940,16755,16756,0
3425,3425,10162,10163,0
1656,1656,5686,5687,0
617,617,1623,1624,1
2983,2983,8628,8629,1
109,109,273,274,0
1691,1691,5765,5766,0
2632,2632,7770,7771,0
3120,3120,8998,8999,1
716,716,2389,2390,0
406,406,1018,1019,0
324,324,809,810,0
3154,3154,9101,9102,1
3126,3126,9011,9012,1
4210,4210,17446,17447,0
4218,4218,17462,17463,1
3556,3556,15770,15771,0
1627,1627,5616,5617,1
582,582,1553,1554,1
2074,2074,6616,6617,0
1639,1639,5652,5653,1
3528,3528,15698,15699,0
903,903,2980,2981,0
433,433,1125,1126,0
3150,3150,9089,9090,1
1635,1635,5640,5641,1
1850,1850,6160,6161,0
646,646,2204,2205,1
2853,2853,8254,8255,0
1060,1060,3380,3381,0
3523,3523,15686,15687,0
1635,1635,5640,5641,1
1833,1833,6125,6126,0
3215,3215,9266,9267,0
2983,2983,8628,8629,1
3744,3744,16255,16256,0
1834,1834,6127,6128,0
2703,2703,7921,7922,0
562,562,1513,1514,0
583,583,1555,1556,1
3908,3908,16685,16686,1
937,937,3092,3093,0
1918,1918,6300,6301,0
2514,2514,7510,7511,0
309,309,777,778,1
3146,3146,9071,9072,1
3237,3237,9314,9315,0
693,693,2324,2325,1
45,45,112,113,0
354,354,906,907,0
694,694,2326,2327,1
1624,1624,5610,5611,1
3278,3278,9417,9418,0
482,482,1353,1354,1
660,660,2232,2233,1
678,678,2293,2294,1
1630,1630,5626,5627,1
528,528,1445,1446,1
3152,3152,9097,9098,1
188,188,483,484,0
3120,3120,8998,8999,1
3283,3283,9427,9428,0
530,530,1449,1450,1
3437,3437,10481,10482,0
3075,3075,8858,8859,1
1623,1623,5608,5609,1
3154,3154,9101,9102,1
3638,3638,15964,15965,1
678,678,2293,2294,1
3432,3432,10470,10471,0
3146,3146,9071,9072,1
3424,3424,10160,10161,0
647,647,2206,2207,1
3004,3004,8691,8692,1
4183,4183,17390,17391,0
4102,4102,17155,17156,0
3975,3975,16847,16848,1
3146,3146,9071,9072,1
1465,1465,4906,4907,0
3147,3147,9083,9084,1
1132,1132,3554,3555,0
3629,3629,15946,15947,0
1932,1932,6328,6329,0
582,582,1553,1554,1
382,382,969,970,1
530,530,1449,1450,1
1633,1633,5635,5636,1
2008,2008,6482,6483,0
689,689,2316,2317,1
686,686,2309,2310,1
1464,1464,4904,4905,0
693,693,2324,2325,1
3635,3635,15958,15959,0
4206,4206,17437,17438,0
3676,3676,16093,16094,1
163,163,422,423,1
857,857,2706,2707,0
1376,1376,4098,4099,1
276,276,707,708,0
530,530,1449,1450,1
1395,1395,4136,4137,0
1629,1629,5623,5624,1
3810,3810,16403,16404,0
2428,2428,7331,7332,0
163,163,422,423,1
1628,1628,5621,5622,1
693,693,2324,2325,1
1461,1461,4898,4899,0
1675,1675,5733,5734,0
1624,1624,5610,5611,1
1618,1618,5596,5597,0
3638,3638,15964,15965,1
187,187,481,482,0
3638,3638,15964,15965,1
895,895,2892,2893,0
2943,2943,8534,8535,0
170,170,436,437,0
3603,3603,15874,15875,0
528,528,1445,1446,1
2546,2546,7574,7575,0
1625,1625,5612,5613,1
532,532,1453,1454,1
530,530,1449,1450,1
1625,1625,5612,5613,1
2729,2729,7974,7975,0
3822,3822,16428,16429,0
482,482,1353,1354,1
1627,1627,5616,5617,1
1642,1642,5658,5659,1
282,282,719,720,0
581,581,1551,1552,1
3552,3552,15762,15763,0
3125,3125,9009,9010,1
2769,2769,8058,8059,0
1633,1633,5635,5636,1
3724,3724,16209,16210,0
582,582,1553,1554,1
3772,3772,16319,16320,0
3547,3547,15748,15749,0
2895,2895,8412,8413,0
1639,1639,5652,5653,1
3999,3999,16899,16900,0
694,694,2326,2327,1
1883,1883,6228,6229,0
3783,3783,16346,16347,0
3975,3975,16847,16848,1
3146,3146,9071,9072,1
686,686,2309,2310,1
1702,1702,5799,5800,1
678,678,2293,2294,1
1309,1309,3963,3964,0
116,116,293,294,0
3156,3156,9105,9106,1
1491,1491,4962,4963,1
608,608,1605,1606,1
3126,3126,9011,9012,1
776,776,2534,2535,0
1640,1640,5654,5655,1
726,726,2420,2421,0
3775,3775,16325,16326,0
1702,1702,5799,5800,1
697,697,2335,2336,1
1629,1629,5623,5624,1
3807,3807,16397,16398,0
3148,3148,9085,9086,1
3120,3120,8998,8999,1
3711,3711,16182,16183,0
2957,2957,8568,8569,0
3000,3000,8683,8684,1
608,608,1605,1606,1
3129,3129,9017,9018,1
3168,3168,9140,9141,0
1631,1631,5630,5631,1
659,659,2230,2231,1
582,582,1553,1554,1
3499,3499,14732,14733,1
1638,1638,5650,5651,1
10,10,34,35,0
532,532,1453,1454,1
1578,1578,5352,5353,0
528,528,1445,1446,1
647,647,2206,2207,1
309,309,777,778,1
1529,1529,5161,5162,0
1878,1878,6217,6218,0
3154,3154,9101,9102,1
1624,1624,5610,5611,1
3638,3638,15964,15965,1
3156,3156,9105,9106,1
81,81,207,208,0
3454,3454,14315,14316,0
2079,2079,6626,6627,0
686,686,2309,2310,1
3152,3152,9097,9098,1
3884,3884,16587,16588,0
1633,1633,5635,5636,1
1491,1491,4962,4963,1
2660,2660,7835,7836,0
1626,1626,5614,5615,1
4107,4107,17169,17170,0
3014,3014,8711,8712,0
1975,1975,6415,6416,0
1642,1642,5658,5659,1
1654,1654,5682,5683,0
724,724,2405,2406,0
3370,3370,9683,9684,0
4218,4218,17462,17463,1
3639,3639,15966,15967,1
3157,3157,9107,9108,1
3120,3120,8998,8999,1
3146,3146,9071,9072,1
2964,2964,8582,8583,0
3196,3196,9204,9205,0
2406,2406,7287,7288,0
2340,2340,7155,7156,0
428,428,1067,1068,0
2362,2362,7199,7200,0
581,581,1551,1552,1
203,203,548,549,0
1523,1523,5134,5135,0
1398,1398,4142,4143,0
3640,3640,15968,15969,1
2813,2813,8162,8163,0
1623,1623,5608,5609,1
1642,1642,5658,5659,1
2148,2148,6764,6765,0
2688,2688,7891,7892,0
320,320,799,800,0
388,388,981,982,0
686,686,2309,2310,1
3075,3075,8858,8859,1
637,637,2186,2187,0
3061,3061,8827,8828,0
3156,3156,9105,9106,1
115,115,291,292,1
3000,3000,8683,8684,1
1573,1573,5342,5343,0
582,582,1553,1554,1
528,528,1445,1446,1
2913,2913,8457,8458,0
1105,1105,3498,3499,0
3794,3794,16368,16369,0
3961,3961,16813,16814,0
3896,3896,16627,16628,0
1889,1889,6240,6241,0
1637,1637,5648,5649,1
1347,1347,4040,4041,0
3120,3120,8998,8999,1
679,679,2295,2296,1
617,617,1623,1624,1
165,165,426,427,0
332,332,836,837,0
2777,2777,8078,8079,0
1059,1059,3378,3379,0
4175,4175,17374,17375,0
3148,3148,9085,9086,1
1136,1136,3562,3563,0
3156,3156,9105,9106,1
1679,1679,5741,5742,0
679,679,2295,2296,1
3156,3156,9105,9106,1
646,646,2204,2205,1
646,646,2204,2205,1
3638,3638,15964,15965,1
3071,3071,8850,8851,0
1626,1626,5614,5615,1
3129,3129,9017,9018,1
3975,3975,16847,16848,1
3120,3120,8998,8999,1
3978,3978,16855,16856,0
1631,1631,5630,5631,1
693,693,2324,2325,1
1635,1635,5640,5641,1
3554,3554,15766,15767,0
2178,2178,6831,6832,0
3306,3306,9476,9477,0
210,210,565,566,0
532,532,1453,1454,1
1344,1344,4034,4035,0
1491,1491,4962,4963,1
3147,3147,9083,9084,1
29,29,76,77,0
691,691,2320,2321,1
382,382,969,970,1
701,701,2359,2360,0
4163,4163,17334,17335,0
3970,3970,16837,16838,0
3000,3000,8683,8684,1
3004,3004,8691,8692,1
202,202,546,547,0
1417,1417,4180,4181,0
3129,3129,9017,9018,1
3797,3797,16374,16375,0
617,617,1623,1624,1
885,885,2870,2871,0
529,529,1447,1448,1
3950,3950,16776,16777,0
647,647,2206,2207,1
3095,3095,8938,8939,0
1624,1624,5610,5611,1
961,961,3141,3142,0
762,762,2492,2493,0
1625,1625,5612,5613,1
645,645,2202,2203,1
1635,1635,5640,5641,1
530,530,1449,1450,1
46,46,114,115,0
3639,3639,15966,15967,1
659,659,2230,2231,1
1634,1634,5637,5638,1
1633,1633,5635,5636,1
528,528,1445,1446,1
3947,3947,16770,16771,0
115,115,291,292,1
3975,3975,16847,16848,1
4218,4218,17462,17463,1
1623,1623,5608,5609,1
1630,1630,5626,5627,1
3152,3152,9097,9098,1
3498,3498,14616,14617,0
2983,2983,8628,8629,1
382,382,969,970,1
3146,3146,9071,9072,1
350,350,897,898,0
4218,4218,17462,17463,1
1826,1826,6111,6112,0
330,330,821,822,0
1482,1482,4942,4943,0
2035,2035,6538,6539,0
3908,3908,16685,16686,1
679,679,2295,2296,1
1491,1491,4962,4963,1
686,686,2309,2310,1
2139,2139,6746,6747,0
3129,3129,9017,9018,1
3509,3509,15605,15606,0
647,647,2206,2207,1
1629,1629,5623,5624,1
3148,3148,9085,9086,1
377,377,952,953,0
1990,1990,6446,6447,0
531,531,1451,1452,1
2711,2711,7937,7938,0
1944,1944,6352,6353,0
563,563,1515,1516,0
529,529,1447,1448,1
1639,1639,5652,5653,1
1640,1640,5654,5655,1
3146,3146,9071,9072,1
4191,4191,17406,17407,0
1376,1376,4098,4099,1
2983,2983,8628,8629,1
1860,1860,6180,6181,0
2353,2353,7181,7182,0
1628,1628,5621,5622,1
3908,3908,16685,16686,1
288,288,735,736,0
176,176,452,453,0
1634,1634,5637,5638,1
1627,1627,5616,5617,1
528,528,1445,1446,1
2373,2373,7221,7222,0
205,205,552,553,0
309,309,777,778,1
3150,3150,9089,9090,1
309,309,777,778,1
1631,1631,5630,5631,1
697,697,2335,2336,1
3152,3152,9097,9098,1
1031,1031,3313,3314,0
1665,1665,5709,5710,0
54,54,130,131,0
3824,3824,16432,16433,0
581,581,1551,1552,1
3639,3639,15966,15967,1
3120,3120,8998,8999,1
2558,2558,7598,7599,0
1624,1624,5610,5611,1
1930,1930,6324,6325,0
1635,1635,5640,5641,1
451,451,1251,1252,0
529,529,1447,1448,1
2841,2841,8230,8231,0
1639,1639,5652,5653,1
3639,3639,15966,15967,1
2060,2060,6588,6589,0
3241,3241,9322,9323,0
1129,1129,3546,3547,0
3157,3157,9107,9108,1
4236,4236,17498,17499,0
4043,4043,17001,17002,0
3075,3075,8858,8859,1
1641,1641,5656,5657,1
2393,2393,7261,7262,0
2699,2699,7913,7914,0
2983,2983,8628,8629,1
373,373,944,945,0
3129,3129,9017,9018,1
4154,4154,17316,17317,0
3639,3639,15966,15967,1
169,169,434,435,0
2443,2443,7366,7367,0
617,617,1623,1624,1
1299,1299,3943,3944,0
2726,2726,7968,7969,0
309,309,777,778,1
3000,3000,8683,8684,1
1328,1328,4002,4003,0
1538,1538,5181,5182,0
3129,3129,9017,9018,1
1491,1491,4962,4963,1
1639,1639,5652,5653,1
3656,3656,16019,16020,0
3786,3786,16352,16353,0
689,689,2316,2317,1
2846,2846,8240,8241,0
2778,2778,8080,8081,0
1356,1356,4058,4059,0
697,697,2335,2336,1
659,659,2230,2231,1
3150,3150,9089,9090,1
1707,1707,5819,5820,0
1491,1491,4962,4963,1
1603,1603,5562,5563,1
1623,1623,5608,5609,1
1637,1637,5648,5649,1
645,645,2202,2203,1
3653,3653,16012,16013,0
339,339,872,873,0
4256,4256,17544,17545,0
1627,1627,5616,5617,1
3846,3846,16484,16485,0
659,659,2230,2231,1
1629,1629,5623,5624,1
675,675,2286,2287,0
2211,2211,6897,6898,0
2623,2623,7740,7741,0
1018,1018,3271,3272,0
1680,1680,5743,5744,0
115,115,291,292,1
1629,1629,5623,5624,1
4055,4055,17025,17026,0
2187,2187,6849,6850,0
1184,1184,3673,3674,0
530,530,1449,1450,1
3147,3147,9083,9084,1
862,862,2716,2717,0
3000,3000,8683,8684,1
1887,1887,6236,6237,0
3640,3640,15968,15969,1
3000,3000,8683,8684,1
2411,2411,7297,7298,0
4170,4170,17364,17365,0
3638,3638,15964,15965,1
1639,1639,5652,5653,1
482,482,1353,1354,1
3718,3718,16196,16197,0
531,531,1451,1452,1
645,645,2202,2203,1
646,646,2204,2205,1
1376,1376,4098,4099,1
1110,1110,3508,3509,0
434,434,1127,1128,0
694,694,2326,2327,1
617,617,1623,1624,1
1702,1702,5799,5800,1
1300,1300,3945,3946,0
689,689,2316,2317,1
4081,4081,17086,17087,0
4218,4218,17462,17463,1
2589,2589,7660,7661,0
3576,3576,15817,15818,0
3314,3314,9492,9493,0
3150,3150,9089,9090,1
3640,3640,15968,15969,1
931,931,3069,3070,0
3386,3386,9719,9720,0
802,802,2586,2587,0
2408,2408,7291,7292,0
3676,3676,16093,16094,1
2983,2983,8628,8629,1
1639,1639,5652,5653,1
614,614,1617,1618,0
1724,1724,5857,5858,0
3201,3201,9217,9218,0
587,587,1563,1564,0
1637,1637,5648,5649,1
3829,3829,16442,16443,0
531,531,1451,1452,1
3660,3660,16045,16046,0
1739,1739,5892,5893,0
1742,1742,5898,5899,0
4225,4225,17476,17477,0
822,822,2631,2632,0
1630,1630,5626,5627,1
1872,1872,6204,6205,0
1628,1628,5621,5622,1
3751,3751,16273,16274,0
3771,3771,16317,16318,0
1635,1635,5640,5641,1
3862,3862,16530,16531,0
1626,1626,5614,5615,1
647,647,2206,2207,1
3154,3154,9101,9102,1
3676,3676,16093,16094,1
163,163,422,423,1
603,603,1595,1596,0
547,547,1483,1484,0
3157,3157,9107,9108,1
1114,1114,3516,3517,0
2268,2268,7011,7012,0
2827,2827,8201,8202,0
1639,1639,5652,5653,1
1730,1730,5869,5870,0
2641,2641,7788,7789,0
694,694,2326,2327,1
3146,3146,9071,9072,1
3637,3637,15962,15963,0
1385,1385,4116,4117,0
1628,1628,5621,5622,1
2571,2571,7624,7625,0
1638,1638,5650,5651,1
1504,1504,4991,4992,0
1624,1624,5610,5611,1
1437,1437,4685,4686,0
3126,3126,9011,9012,1
530,530,1449,1450,1
1376,1376,4098,4099,1
3147,3147,9083,9084,1
2822,2822,8180,8181,0
647,647,2206,2207,1
4064,4064,17047,17048,0
1631,1631,5630,5631,1
1630,1630,5626,5627,1
1027,1027,3289,3290,0
4194,4194,17412,17413,0
2352,2352,7179,7180,0
3125,3125,9009,9010,1
2566,2566,7614,7615,0
3156,3156,9105,9106,1
3154,3154,9101,9102,1
3975,3975,16847,16848,1
1376,1376,4098,4099,1
3638,3638,15964,15965,1
800,800,2582,2583,0
4011,4011,16936,16937,1
115,115,291,292,1
1638,1638,5650,5651,1
691,691,2320,2321,1
1628,1628,5621,5622,1
3814,3814,16411,16412,0
1843,1843,6145,6146,0
1637,1637,5648,5649,1
3157,3157,9107,9108,1
3583,3583,15831,15832,0
3088,3088,8918,8919,1
1178,1178,3661,3662,0
1628,1628,5621,5622,1
1176,1176,3657,3658,0
1493,1493,4967,4968,0
296,296,751,752,0
3315,3315,9494,9495,0
1638,1638,5650,5651,1
3639,3639,15966,15967,1
517,517,1423,1424,0
504,504,1397,1398,0
4011,4011,16936,16937,1
3088,3088,8918,8919,1
3156,3156,9105,9106,1
660,660,2232,2233,1
782,782,2546,2547,0
2415,2415,7305,7306,0
1635,1635,5640,5641,1
583,583,1555,1556,1
3146,3146,9071,9072,1
694,694,2326,2327,1
1612,1612,5584,5585,0
1067,1067,3394,3395,0
4168,4168,17355,17356,0
728,728,2424,2425,0
3157,3157,9107,9108,1
2985,2985,8636,8637,0
2717,2717,7949,7950,0
2304,2304,7083,7084,0
689,689,2316,2317,1
697,697,2335,2336,1
1677,1677,5737,5738,0
2017,2017,6500,6501,0
3088,3088,8918,8919,1
750,750,2468,2469,0
647,647,2206,2207,1
2559,2559,7600,7601,0
299,299,757,758,0
2596,2596,7674,7675,0
1443,1443,4729,4730,0
398,398,1002,1003,0
679,679,2295,2296,1
3329,3329,9532,9533,0
529,529,1447,1448,1
487,487,1363,1364,0
3457,3457,14321,14322,0
2983,2983,8628,8629,1
1270,1270,3885,3886,0
3134,3134,9027,9028,0
3676,3676,16093,16094,1
3788,3788,16356,16357,0
959,959,3137,3138,0
2057,2057,6582,6583,0
2639,2639,7784,7785,0
909,909,3025,3026,0
1491,1491,4962,4963,1
3121,3121,9000,9001,0
2388,2388,7251,7252,0
2235,2235,6945,6946,0
1560,1560,5257,5258,0
3344,3344,9563,9564,0
3265,3265,9374,9375,0
528,528,1445,1446,1
3638,3638,15964,15965,1
1629,1629,5623,5624,1
3669,3669,16070,16071,0
2721,2721,7957,7958,0
2251,2251,6977,6978,0
911,911,3029,3030,0
1376,1376,4098,4099,1
655,655,2222,2223,0
2791,2791,8106,8107,0
115,115,291,292,1
693,693,2324,2325,1
678,678,2293,2294,1
1603,1603,5562,5563,1
3878,3878,16568,16569,0
1631,1631,5630,5631,1
660,660,2232,2233,1
2108,2108,6684,6685,0
645,645,2202,2203,1
1445,1445,4823,4824,0
3000,3000,8683,8684,1
3152,3152,9097,9098,1
3289,3289,9439,9440,0
689,689,2316,2317,1
1811,1811,6056,6057,0
3354,3354,9586,9587,0
382,382,969,970,1
1491,1491,4962,4963,1
3150,3150,9089,9090,1
647,647,2206,2207,1
1491,1491,4962,4963,1
1625,1625,5612,5613,1
3109,3109,8975,8976,0
2455,2455,7390,7391,0
1640,1640,5654,5655,1
1243,1243,3831,3832,0
3129,3129,9017,9018,1
4172,4172,17368,17369,0
173,173,442,443,0
3129,3129,9017,9018,1
697,697,2335,2336,1
2378,2378,7231,7232,0
3125,3125,9009,9010,1
645,645,2202,2203,1
734,734,2436,2437,0
560,560,1509,1510,0
3000,3000,8683,8684,1
4218,4218,17462,17463,1
583,583,1555,1556,1
1704,1704,5803,5804,0
3623,3623,15934,15935,0
2679,2679,7873,7874,0
1641,1641,5656,5657,1
349,349,895,896,0
1641,1641,5656,5657,1
3491,3491,14427,14428,0
3088,3088,8918,8919,1
3129,3129,9017,9018,1
581,581,1551,1552,1
2997,2997,8673,8674,0
412,412,1030,1031,0
3922,3922,16713,16714,0
531,531,1451,1452,1
1627,1627,5616,5617,1
3298,3298,9460,9461,0
620,620,1629,1630,0
1629,1629,5623,5624,1
1579,1579,5354,5355,0
2606,2606,7694,7695,0
1640,1640,5654,5655,1
3975,3975,16847,16848,1
309,309,777,778,1
528,528,1445,1446,1
2329,2329,7133,7134,0
1209,1209,3762,3763,0
693,693,2324,2325,1
3572,3572,15809,15810,0
2258,2258,6991,6992,0
529,529,1447,1448,1
1575,1575,5346,5347,0
155,155,406,407,0
382,382,969,970,1
3908,3908,16685,16686,1
3126,3126,9011,9012,1
3030,3030,8751,8752,0
3924,3924,16717,16718,0
3088,3088,8918,8919,1
568,568,1525,1526,0
2198,2198,6871,6872,0
581,581,1551,1552,1
2260,2260,6995,6996,0
1657,1657,5688,5689,0
4147,4147,17302,17303,0
2888,2888,8398,8399,0
2878,2878,8358,8359,0
1702,1702,5799,5800,1
3841,3841,16466,16467,0
470,470,1329,1330,0
3799,3799,16378,16379,0
3114,3114,8985,8986,0
1627,1627,5616,5617,1
2520,2520,7522,7523,0
438,438,1135,1136,0
2798,2798,8120,8121,0
163,163,422,423,1
886,886,2872,2873,0
1628,1628,5621,5622,1
1637,1637,5648,5649,1
647,647,2206,2207,1
1109,1109,3506,3507,0
1924,1924,6312,6313,0
647,647,2206,2207,1
645,645,2202,2203,1
679,679,2295,2296,1
691,691,2320,2321,1
2946,2946,8540,8541,0
163,163,422,423,1
2269,2269,7013,7014,0
3120,3120,8998,8999,1
691,691,2320,2321,1
4218,4218,17462,17463,1
3676,3676,16093,16094,1
440,440,1139,1140,0
3638,3638,15964,15965,1
1436,1436,4680,4681,0
2875,2875,8348,8349,0
2809,2809,8154,8155,0
2016,2016,6498,6499,0
3088,3088,8918,8919,1
691,691,2320,2321,1
3686,3686,16128,16129,0
1623,1623,5608,5609,1
3601,3601,15869,15870,0
1635,1635,5640,5641,1
1642,1642,5658,5659,1
2038,2038,6544,6545,0
923,923,3053,3054,0
2277,2277,7029,7030,0
3403,3403,9753,9754,0
3890,3890,16605,16606,0
3000,3000,8683,8684,1
2718,2718,7951,7952,0
3325,3325,9523,9524,0
2920,2920,8488,8489,0
4218,4218,17462,17463,1
3125,3125,9009,9010,1
4221,4221,17468,17469,0
4218,4218,17462,17463,1
2044,2044,6556,6557,0
737,737,2442,2443,0
3156,3156,9105,9106,1
4113,4113,17182,17183,0
1655,1655,5684,5685,0
539,539,1467,1468,0
200,200,542,543,0
3738,3738,16241,16242,0
1637,1637,5648,5649,1
1081,1081,3448,3449,0
3156,3156,9105,9106,1
4072,4072,17064,17065,0
3129,3129,9017,9018,1
1702,1702,5799,5800,1
2168,2168,6811,6812,0
1634,1634,5637,5638,1
3446,3446,14299,14300,0
1624,1624,5610,5611,1
3075,3075,8858,8859,1
3076,3076,8872,8873,0
689,689,2316,2317,1
3292,3292,9445,9446,0
1907,1907,6278,6279,0
3875,3875,16562,16563,0
689,689,2316,2317,1
1702,1702,5799,5800,1
1373,1373,4092,4093,0
3135,3135,9029,9030,0
245,245,639,640,0
3147,3147,9083,9084,1
3739,3739,16243,16244,0
3156,3156,9105,9106,1
3125,3125,9009,9010,1
3393,3393,9733,9734,0
2629,2629,7752,7753,0
1637,1637,5648,5649,1
2257,2257,6989,6990,0
3000,3000,8683,8684,1
3152,3152,9097,9098,1
3152,3152,9097,9098,1
4208,4208,17442,17443,0
366,366,930,931,0
4011,4011,16936,16937,1
647,647,2206,2207,1
3147,3147,9083,9084,1
4117,4117,17195,17196,0
1633,1633,5635,5636,1
3837,3837,16458,16459,0
1582,1582,5360,5361,0
691,691,2320,2321,1
1640,1640,5654,5655,1
3004,3004,8691,8692,1
3120,3120,8998,8999,1
3157,3157,9107,9108,1
2918,2918,8484,8485,0
2395,2395,7265,7266,0
1317,1317,3980,3981,0
1634,1634,5637,5638,1
659,659,2230,2231,1
1896,1896,6254,6255,0
490,490,1369,1370,0
535,535,1459,1460,0
1073,1073,3415,3416,0
1572,1572,5340,5341,0
3148,3148,9085,9086,1
1625,1625,5612,5613,1
1668,1668,5719,5720,0
1641,1641,5656,5657,1
678,678,2293,2294,1
3662,3662,16050,16051,0
3674,3674,16087,16088,0
699,699,2355,2356,0
1043,1043,3337,3338,0
2272,2272,7019,7020,0
2000,2000,6466,6467,0
382,382,969,970,1
482,482,1353,1354,1
2045,2045,6558,6559,0
2122,2122,6712,6713,0
382,382,969,970,1
1624,1624,5610,5611,1
3533,3533,15709,15710,0
1353,1353,4052,4053,0
2814,2814,8164,8165,0
660,660,2232,2233,1
2241,2241,6957,6958,0
1151,1151,3607,3608,0
592,592,1573,1574,0
3427,3427,10166,10167,0
3622,3622,15932,15933,0
3640,3640,15968,15969,1
3156,3156,9105,9106,1
1702,1702,5799,5800,1
660,660,2232,2233,1
4011,4011,16936,16937,1
1630,1630,5626,5627,1
608,608,1605,1606,1
691,691,2320,2321,1
878,878,2790,2791,0
2983,2983,8628,8629,1
3903,3903,16654,16655,0
1640,1640,5654,5655,1
3417,3417,9781,9782,0
3120,3120,8998,8999,1
785,785,2552,2553,0
3700,3700,16156,16157,0
1637,1637,5648,5649,1
2509,2509,7500,7501,0
686,686,2309,2310,1
1777,1777,5981,5982,0
3676,3676,16093,16094,1
593,593,1575,1576,0
1962,1962,6388,6389,0
3676,3676,16093,16094,1
1491,1491,4962,4963,1
1481,1481,4940,4941,0
3640,3640,15968,15969,1
617,617,1623,1624,1
1977,1977,6419,6420,0
2442,2442,7364,7365,0
3349,3349,9574,9575,0
482,482,1353,1354,1
4133,4133,17248,17249,0
3720,3720,16201,16202,0
582,582,1553,1554,1
3120,3120,8998,8999,1
1345,1345,4036,4037,0
1639,1639,5652,5653,1
1624,1624,5610,5611,1
3026,3026,8743,8744,0
681,681,2299,2300,0
3120,3120,8998,8999,1
694,694,2326,2327,1
168,168,432,433,0
3827,3827,16438,16439,0
3152,3152,9097,9098,1
3510,3510,15654,15655,0
833,833,2653,2654,0
4218,4218,17462,17463,1
4220,4220,17466,17467,0
1627,1627,5616,5617,1
1629,1629,5623,5624,1
1638,1638,5650,5651,1
1645,1645,5664,5665,0
2728,2728,7972,7973,0
346,346,889,890,0
1570,1570,5336,5337,0
3148,3148,9085,9086,1
1714,1714,5837,5838,0
1641,1641,5656,5657,1
3147,3147,9083,9084,1
1627,1627,5616,5617,1
2014,2014,6494,6495,0
3499,3499,14732,14733,1
2802,2802,8128,8129,0
1276,1276,3897,3898,0
3428,3428,10170,10171,0
3175,3175,9157,9158,0
2505,2505,7492,7493,0
3150,3150,9089,9090,1
686,686,2309,2310,1
3382,3382,9711,9712,0
532,532,1453,1454,1
1634,1634,5637,5638,1
3247,3247,9335,9336,0
922,922,3051,3052,0
4011,4011,16936,16937,1
1427,1427,4357,4358,0
659,659,2230,2231,1
689,689,2316,2317,1
528,528,1445,1446,1
3154,3154,9101,9102,1
956,956,3131,3132,0
689,689,2316,2317,1
1642,1642,5658,5659,1
1818,1818,6079,6080,0
647,647,2206,2207,1
1625,1625,5612,5613,1
1634,1634,5637,5638,1
1755,1755,5927,5928,0
2095,2095,6658,6659,0
3762,3762,16295,16296,0
3255,3255,9353,9354,0
1033,1033,3317,3318,0
4204,4204,17433,17434,0
3507,3507,15311,15312,0
1620,1620,5600,5601,0
3126,3126,9011,9012,1
3088,3088,8918,8919,1
3926,3926,16721,16722,0
2069,2069,6606,6607,0
781,781,2544,2545,0
1491,1491,4962,4963,1
482,482,1353,1354,1
532,532,1453,1454,1
3499,3499,14732,14733,1
520,520,1429,1430,0
679,679,2295,2296,1
2036,2036,6540,6541,0
595,595,1579,1580,0
659,659,2230,2231,1
3638,3638,15964,15965,1
3126,3126,9011,9012,1
1824,1824,6107,6108,0
1140,1140,3570,3571,0
689,689,2316,2317,1
2031,2031,6529,6530,0
4099,4099,17147,17148,0
3785,3785,16350,16351,0
1180,1180,3665,3666,0
3908,3908,16685,16686,1
4215,4215,17456,17457,0
3156,3156,9105,9106,1
3088,3088,8918,8919,1
691,691,2320,2321,1
3908,3908,16685,16686,1
839,839,2669,2670,0
3639,3639,15966,15967,1
2983,2983,8628,8629,1
119,119,299,300,0
89,89,226,227,0
815,815,2617,2618,0
3975,3975,16847,16848,1
3347,3347,9570,9571,0
3499,3499,14732,14733,1
4011,4011,16936,16937,1
659,659,2230,2231,1
1624,1624,5610,5611,1
3871,3871,16552,16553,0
456,456,1297,1298,0
2275,2275,7025,7026,0
1324,1324,3994,3995,0
3975,3975,16847,16848,1
3638,3638,15964,15965,1
3035,3035,8769,8770,0
532,532,1453,1454,1
583,583,1555,1556,1
3676,3676,16093,16094,1
3150,3150,9089,9090,1
2363,2363,7201,7202,0
1394,1394,4134,4135,0
1642,1642,5658,5659,1
2626,2626,7746,7747,0
4118,4118,17197,17198,0
3152,3152,9097,9098,1
679,679,2295,2296,1
482,482,1353,1354,1
1631,1631,5630,5631,1
1793,1793,6020,6021,0
1641,1641,5656,5657,1
1638,1638,5650,5651,1
2899,2899,8423,8424,0
2157,2157,6784,6785,0
1376,1376,4098,4099,1
981,981,3186,3187,0
2951,2951,8556,8557,0
304,304,767,768,0
933,933,3084,3085,0
1040,1040,3331,3332,0
309,309,777,778,1
646,646,2204,2205,1
445,445,1150,1151,0
167,167,430,431,0
673,673,2282,2283,0
1634,1634,5637,5638,1
1630,1630,5626,5627,1
2983,2983,8628,8629,1
531,531,1451,1452,1
3577,3577,15819,15820,0
2935,2935,8518,8519,0
2163,2163,6801,6802,0
3594,3594,15853,15854,0
483,483,1355,1356,0
1728,1728,5865,5866,0
1527,1527,5157,5158,0
1624,1624,5610,5611,1
1637,1637,5648,5649,1
3975,3975,16847,16848,1
4200,4200,17424,17425,0
1142,1142,3574,3575,0
3152,3152,9097,9098,1
1764,1764,5945,5946,0
693,693,2324,2325,1
3478,3478,14378,14379,0
3571,3571,15807,15808,0
3945,3945,16766,16767,0
3975,3975,16847,16848,1
2296,2296,7067,7068,0
697,697,2335,2336,1
1951,1951,6366,6367,0
106,106,267,268,0
4245,4245,17522,17523,0
3421,3421,9994,9995,0
3150,3150,9089,9090,1
3120,3120,8998,8999,1
1626,1626,5614,5615,1
581,581,1551,1552,1
2042,2042,6552,6553,0
1624,1624,5610,5611,1
3147,3147,9083,9084,1
312,312,783,784,0
581,581,1551,1552,1
892,892,2886,2887,0
400,400,1006,1007,0
382,382,969,970,1
528,528,1445,1446,1
3676,3676,16093,16094,1
53,53,128,129,0
1637,1637,5648,5649,1
1626,1626,5614,5615,1
973,973,3169,3170,0
1581,1581,5358,5359,0
1376,1376,4098,4099,1
2152,2152,6772,6773,0
2385,2385,7245,7246,0
3707,3707,16173,16174,0
4011,4011,16936,16937,1
518,518,1425,1426,0
2830,2830,8207,8208,0
3088,3088,8918,8919,1
2330,2330,7135,7136,0
3312,3312,9488,9489,0
3602,3602,15871,15872,0
1075,1075,3420,3421,0
2204,2204,6883,6884,0
163,163,422,423,1
686,686,2309,2310,1
3148,3148,9085,9086,1
646,646,2204,2205,1
659,659,2230,2231,1
3133,3133,9025,9026,0
2150,2150,6768,6769,0
2937,2937,8522,8523,0
978,978,3180,3181,0
2400,2400,7275,7276,0
482,482,1353,1354,1
529,529,1447,1448,1
992,992,3212,3213,0
3148,3148,9085,9086,1
647,647,2206,2207,1
2487,2487,7456,7457,0
4218,4218,17462,17463,1
581,581,1551,1552,1
4135,4135,17252,17253,0
773,773,2520,2521,0
3000,3000,8683,8684,1
3146,3146,9071,9072,1
686,686,2309,2310,1
1237,1237,3819,3820,0
660,660,2232,2233,1
583,583,1555,1556,1
3218,3218,9272,9273,0
4257,4257,17546,17547,0
1780,1780,5991,5992,0
3959,3959,16809,16810,0
3574,3574,15813,15814,0
2100,2100,6668,6669,0
319,319,797,798,0
1603,1603,5562,5563,1
1624,1624,5610,5611,1
3075,3075,8858,8859,1
3115,3115,8987,8988,0
1821,1821,6085,6086,0
3157,3157,9107,9108,1
395,395,996,997,0
582,582,1553,1554,1
1642,1642,5658,5659,1
689,689,2316,2317,1
1640,1640,5654,5655,1
2770,2770,8062,8063,0
3129,3129,9017,9018,1
3152,3152,9097,9098,1
1641,1641,5656,5657,1
313,313,785,786,0
649,649,2210,2211,0
4207,4207,17440,17441,0
163,163,422,423,1
2658,2658,7831,7832,0
582,582,1553,1554,1
158,158,412,413,0
3499,3499,14732,14733,1
1412,1412,4170,4171,0
3717,3717,16194,16195,0
2947,2947,8542,8543,0
3125,3125,9009,9010,1
617,617,1623,1624,1
3148,3148,9085,9086,1
1628,1628,5621,5622,1
3410,3410,9767,9768,0
519,519,1427,1428,0
5,5,17,18,0
1635,1635,5640,5641,1
860,860,2712,2713,0
694,694,2326,2327,1
1634,1634,5637,5638,1
979,979,3182,3183,0
608,608,1605,1606,1
1626,1626,5614,5615,1
115,115,291,292,1
2349,2349,7173,7174,0
659,659,2230,2231,1
697,697,2335,2336,1
646,646,2204,2205,1
271,271,696,697,0
1376,1376,4098,4099,1
1626,1626,5614,5615,1
3640,3640,15968,15969,1
1631,1631,5630,5631,1
1784,1784,6002,6003,0
600,600,1589,1590,0
1629,1629,5623,5624,1
3004,3004,8691,8692,1
1633,1633,5635,5636,1
608,608,1605,1606,1
4051,4051,17017,17018,0
686,686,2309,2310,1
74,74,193,194,0
689,689,2316,2317,1
1702,1702,5799,5800,1
3975,3975,16847,16848,1
1698,1698,5779,5780,0
644,644,2200,2201,0
1942,1942,6348,6349,0
143,143,381,382,0
3975,3975,16847,16848,1
608,608,1605,1606,1
1603,1603,5562,5563,1
427,427,1065,1066,0
1840,1840,6139,6140,0
617,617,1623,1624,1
1554,1554,5245,5246,0
3156,3156,9105,9106,1
3029,3029,8749,8750,0
3146,3146,9071,9072,1
1056,1056,3372,3373,0
582,582,1553,1554,1
1941,1941,6346,6347,0
287,287,733,734,0
3092,3092,8926,8927,0
694,694,2326,2327,1
1637,1637,5648,5649,1
2774,2774,8072,8073,0
528,528,1445,1446,1
1603,1603,5562,5563,1
1628,1628,5621,5622,1
691,691,2320,2321,1
1163,1163,3631,3632,0
3908,3908,16685,16686,1
1551,1551,5238,5239,0
531,531,1451,1452,1
529,529,1447,1448,1
1631,1631,5630,5631,1
3701,3701,16158,16159,0
1550,1550,5236,5237,0
1712,1712,5833,5834,0
858,858,2708,2709,0
3125,3125,9009,9010,1
581,581,1551,1552,1
2789,2789,8102,8103,0
591,591,1571,1572,0
555,555,1499,1500,0
1640,1640,5654,5655,1
3157,3157,9107,9108,1
3676,3676,16093,16094,1
8,8,24,25,0
1638,1638,5650,5651,1
1491,1491,4962,4963,1
3472,3472,14355,14356,0
3154,3154,9101,9102,1
2523,2523,7528,7529,0
3916,3916,16701,16702,0
2582,2582,7646,7647,0
1664,1664,5706,5707,0
1641,1641,5656,5657,1
1623,1623,5608,5609,1
3045,3045,8793,8794,0
3975,3975,16847,16848,1
3125,3125,9009,9010,1
697,697,2335,2336,1
538,538,1465,1466,0
1637,1637,5648,5649,1
1781,1781,5993,5994,0
355,355,908,909,0
3209,3209,9254,9255,0
1623,1623,5608,5609,1
2983,2983,8628,8629,1
1630,1630,5626,5627,1
581,581,1551,1552,1
2938,2938,8524,8525,0
1630,1630,5626,5627,1
1627,1627,5616,5617,1
766,766,2500,2501,0
3308,3308,9480,9481,0
1638,1638,5650,5651,1
1170,1170,3645,3646,0
3141,3141,9041,9042,0
2306,2306,7087,7088,0
1638,1638,5650,5651,1
2592,2592,7666,7667,0
2983,2983,8628,8629,1
694,694,2326,2327,1
1625,1625,5612,5613,1
3719,3719,16199,16200,0
679,679,2295,2296,1
163,163,422,423,1
3271,3271,9386,9387,0
3088,3088,8918,8919,1
646,646,2204,2205,1
1376,1376,4098,4099,1
3152,3152,9097,9098,1
3004,3004,8691,8692,1
647,647,2206,2207,1
44,44,110,111,0
3148,3148,9085,9086,1
3664,3664,16056,16057,0
693,693,2324,2325,1
532,532,1453,1454,1
3640,3640,15968,15969,1
2771,2771,8064,8065,0
1690,1690,5763,5764,0
4249,4249,17530,17531,0
3171,3171,9146,9147,0
3525,3525,15690,15691,0
371,371,940,941,0
4187,4187,17398,17399,0
678,678,2293,2294,1
1034,1034,3319,3320,0
1103,1103,3494,3495,0
2670,2670,7855,7856,0
1603,1603,5562,5563,1
1583,1583,5362,5363,0
689,689,2316,2317,1
1337,1337,4020,4021,0
2874,2874,8346,8347,0
976,976,3176,3177,0
115,115,291,292,1
3808,3808,16399,16400,0
1641,1641,5656,5657,1
532,532,1453,1454,1
616,616,1621,1622,0
3710,3710,16180,16181,0
2932,2932,8512,8513,0
693,693,2324,2325,1
1603,1603,5562,5563,1
1115,1115,3518,3519,0
3152,3152,9097,9098,1
482,482,1353,1354,1
1638,1638,5650,5651,1
583,583,1555,1556,1
1624,1624,5610,5611,1
1638,1638,5650,5651,1
532,532,1453,1454,1
12,12,38,39,0
3676,3676,16093,16094,1
1627,1627,5616,5617,1
958,958,3135,3136,0
581,581,1551,1552,1
2058,2058,6584,6585,0
659,659,2230,2231,1
646,646,2204,2205,1
1631,1631,5630,5631,1
582,582,1553,1554,1
3068,3068,8842,8843,0
2485,2485,7452,7453,0
3195,3195,9202,9203,0
1635,1635,5640,5641,1
609,609,1607,1608,0
691,691,2320,2321,1
4129,4129,17235,17236,0
411,411,1028,1029,0
2909,2909,8448,8449,0
163,163,422,423,1
786,786,2554,2555,0
3883,3883,16583,16584,0
1486,1486,4952,4953,0
1603,1603,5562,5563,1
656,656,2224,2225,0
1045,1045,3341,3342,0
3676,3676,16093,16094,1
3000,3000,8683,8684,1
3221,3221,9278,9279,0
3088,3088,8918,8919,1
1638,1638,5650,5651,1
1635,1635,5640,5641,1
3546,3546,15746,15747,0
1491,1491,4962,4963,1
3856,3856,16510,16511,0
3154,3154,9101,9102,1
1633,1633,5635,5636,1
382,382,969,970,1
3004,3004,8691,8692,1
1639,1639,5652,5653,1
2236,2236,6947,6948,0
3250,3250,9342,9343,0
2267,2267,7009,7010,0
581,581,1551,1552,1
2969,2969,8592,8593,0
689,689,2316,2317,1
645,645,2202,2203,1
3152,3152,9097,9098,1
1866,1866,6192,6193,0
208,208,561,562,0
2627,2627,7748,7749,0
689,689,2316,2317,1
3004,3004,8691,8692,1
3125,3125,9009,9010,1
660,660,2232,2233,1
2301,2301,7077,7078,0
1619,1619,5598,5599,0
402,402,1010,1011,0
3148,3148,9085,9086,1
1628,1628,5621,5622,1
3154,3154,9101,9102,1
3103,3103,8963,8964,0
482,482,1353,1354,1
1376,1376,4098,4099,1
2499,2499,7480,7481,0
3125,3125,9009,9010,1
2305,2305,7085,7086,0
4023,4023,16961,16962,0
689,689,2316,2317,1
583,583,1555,1556,1
382,382,969,970,1
1169,1169,3643,3644,0
482,482,1353,1354,1
2598,2598,7678,7679,0
3129,3129,9017,9018,1
4008,4008,16917,16918,0
2504,2504,7490,7491,0
528,528,1445,1446,1
3640,3640,15968,15969,1
645,645,2202,2203,1
1596,1596,5537,5538,0
1086,1086,3460,3461,0
4130,4130,17239,17240,0
4243,4243,17518,17519,0
1014,1014,3263,3264,0
1695,1695,5773,5774,0
3499,3499,14732,14733,1
1559,1559,5255,5256,0
4157,4157,17322,17323,0
378,378,954,955,0
2579,2579,7640,7641,0
581,581,1551,1552,1
3000,3000,8683,8684,1
1634,1634,5637,5638,1
3105,3105,8967,8968,0
1634,1634,5637,5638,1
1455,1455,4886,4887,0
503,503,1395,1396,0
582,582,1553,1554,1
963,963,3145,3146,0
2917,2917,8482,8483,0
3146,3146,9071,9072,1
647,647,2206,2207,1
3989,3989,16878,16879,0
3156,3156,9105,9106,1
1633,1633,5635,5636,1
1759,1759,5935,5936,0
4033,4033,16981,16982,0
582,582,1553,1554,1
1628,1628,5621,5622,1
382,382,969,970,1
3120,3120,8998,8999,1
382,382,969,970,1
3154,3154,9101,9102,1
3782,3782,16344,16345,0
689,689,2316,2317,1
1624,1624,5610,5611,1
829,829,2645,2646,0
530,530,1449,1450,1
3120,3120,8998,8999,1
3125,3125,9009,9010,1
1376,1376,4098,4099,1
647,647,2206,2207,1
608,608,1605,1606,1
678,678,2293,2294,1
1376,1376,4098,4099,1
160,160,416,417,0
1629,1629,5623,5624,1
3088,3088,8918,8919,1
1640,1640,5654,5655,1
3163,3163,9124,9125,0
697,697,2335,2336,1
1641,1641,5656,5657,1
576,576,1541,1542,0
1627,1627,5616,5617,1
1628,1628,5621,5622,1
4011,4011,16936,16937,1
1414,1414,4174,4175,0
2564,2564,7610,7611,0
1211,1211,3767,3768,0
375,375,948,949,0
3172,3172,9148,9149,0
3004,3004,8691,8692,1
3639,3639,15966,15967,1
1491,1491,4962,4963,1
3125,3125,9009,9010,1
3868,3868,16546,16547,0
1626,1626,5614,5615,1
1038,1038,3327,3328,0
2402,2402,7279,7280,0
1566,1566,5328,5329,0
3264,3264,9372,9373,0
1255,1255,3855,3856,0
121,121,303,304,0
1603,1603,5562,5563,1
1041,1041,3333,3334,0
1457,1457,4890,4891,0
3908,3908,16685,16686,1
2238,2238,6951,6952,0
3059,3059,8823,8824,0
2088,2088,6644,6645,0
1862,1862,6184,6185,0
1624,1624,5610,5611,1
647,647,2206,2207,1
3499,3499,14732,14733,1
2208,2208,6891,6892,0
274,274,702,703,0
3212,3212,9260,9261,0
1627,1627,5616,5617,1
240,240,629,630,0
1628,1628,5621,5622,1
1641,1641,5656,5657,1
1794,1794,6022,6023,0
3088,3088,8918,8919,1
3147,3147,9083,9084,1
1441,1441,4712,4713,0
1008,1008,3251,3252,0
953,953,3125,3126,0
2663,2663,7841,7842,0
3915,3915,16699,16700,0
2242,2242,6959,6960,0
3499,3499,14732,14733,1
2256,2256,6987,6988,0
1629,1629,5623,5624,1
2114,2114,6696,6697,0
1362,1362,4070,4071,0
3860,3860,16526,16527,0
2022,2022,6510,6511,0
1091,1091,3470,3471,0
1629,1629,5623,5624,1
3152,3152,9097,9098,1
3223,3223,9282,9283,0
660,660,2232,2233,1
3499,3499,14732,14733,1
582,582,1553,1554,1
3976,3976,16849,16850,0
115,115,291,292,1
1631,1631,5630,5631,1
1933,1933,6330,6331,0
3876,3876,16564,16565,0
3096,3096,8945,8946,0
617,617,1623,1624,1
1693,1693,5769,5770,0
2691,2691,7897,7898,0
1640,1640,5654,5655,1
2577,2577,7636,7637,0
2018,2018,6502,6503,0
2207,2207,6889,6890,0
659,659,2230,2231,1
3146,3146,9071,9072,1
691,691,2320,2321,1
2915,2915,8464,8465,0
1637,1637,5648,5649,1
1633,1633,5635,5636,1
3975,3975,16847,16848,1
659,659,2230,2231,1
1964,1964,6392,6393,0
2983,2983,8628,8629,1
3673,3673,16084,16085,0
960,960,3139,3140,0
1626,1626,5614,5615,1
3638,3638,15964,15965,1
2436,2436,7352,7353,0
2107,2107,6682,6683,0
1773,1773,5970,5971,0
608,608,1605,1606,1
2610,2610,7702,7703,0
20,20,55,56,0
1070,1070,3400,3401,0
2725,2725,7966,7967,0
594,594,1577,1578,0
2081,2081,6630,6631,0
919,919,3045,3046,0
204,204,550,551,0
1937,1937,6338,6339,0
1400,1400,4146,4147,0
73,73,191,192,0
3125,3125,9009,9010,1
1629,1629,5623,5624,1
691,691,2320,2321,1
3125,3125,9009,9010,1
1741,1741,5896,5897,0
399,399,1004,1005,0
1626,1626,5614,5615,1
3148,3148,9085,9086,1
3483,3483,14411,14412,0
2082,2082,6632,6633,0
3638,3638,15964,15965,1
1766,1766,5949,5950,0
642,642,2196,2197,0
1641,1641,5656,5657,1
2695,2695,7905,7906,0
3638,3638,15964,15965,1
1642,1642,5658,5659,1
1727,1727,5863,5864,0
812,812,2611,2612,0
1687,1687,5757,5758,0
93,93,234,235,0
1810,1810,6054,6055,0
3644,3644,15977,15978,0
686,686,2309,2310,1
694,694,2326,2327,1
3000,3000,8683,8684,1
1289,1289,3923,3924,0
1949,1949,6362,6363,0
3150,3150,9089,9090,1
1213,1213,3771,3772,0
2116,2116,6700,6701,0
890,890,2881,2882,0
3532,3532,15707,15708,0
3190,3190,9192,9193,0
4019,4019,16953,16954,0
697,697,2335,2336,1
1641,1641,5656,5657,1
1627,1627,5616,5617,1
3892,3892,16611,16612,0
4088,4088,17123,17124,0
861,861,2714,2715,0
647,647,2206,2207,1
3639,3639,15966,15967,1
98,98,247,248,0
4218,4218,17462,17463,1
2983,2983,8628,8629,1
3657,3657,16021,16022,0
4218,4218,17462,17463,1
608,608,1605,1606,1
1637,1637,5648,5649,1
678,678,2293,2294,1
4164,4164,17339,17340,0
736,736,2440,2441,0
2983,2983,8628,8629,1
1653,1653,5680,5681,0
582,582,1553,1554,1
868,868,2728,2729,0
1638,1638,5650,5651,1
1713,1713,5835,5836,0
3526,3526,15692,15693,0
2783,2783,8090,8091,0
115,115,291,292,1
1635,1635,5640,5641,1
1640,1640,5654,5655,1
3075,3075,8858,8859,1
1189,1189,3683,3684,0
3191,3191,9194,9195,0
404,404,1014,1015,0
986,986,3199,3200,0
3075,3075,8858,8859,1
3126,3126,9011,9012,1
2466,2466,7414,7415,0
3967,3967,16828,16829,0
1642,1642,5658,5659,1
1640,1640,5654,5655,1
2138,2138,6744,6745,0
530,530,1449,1450,1
2338,2338,7151,7152,0
1868,1868,6196,6197,0
2098,2098,6664,6665,0
2826,2826,8198,8199,0
3000,3000,8683,8684,1
3817,3817,16417,16418,0
3077,3077,8881,8882,0
3376,3376,9699,9700,0
4218,4218,17462,17463,1
3703,3703,16162,16163,0
3004,3004,8691,8692,1
4137,4137,17256,17257,0
2983,2983,8628,8629,1
848,848,2688,2689,0
3551,3551,15760,15761,0
2901,2901,8427,8428,0
1702,1702,5799,5800,1
1291,1291,3927,3928,0
1770,1770,5957,5958,0
4082,4082,17088,17089,0
528,528,1445,1446,1
3499,3499,14732,14733,1
1641,1641,5656,5657,1
1642,1642,5658,5659,1
3148,3148,9085,9086,1
645,645,2202,2203,1
646,646,2204,2205,1
679,679,2295,2296,1
3624,3624,15936,15937,0
2297,2297,7069,7070,0
1491,1491,4962,4963,1
2182,2182,6839,6840,0
309,309,777,778,1
3004,3004,8691,8692,1
1626,1626,5614,5615,1
1634,1634,5637,5638,1
1624,1624,5610,5611,1
1838,1838,6135,6136,0
2020,2020,6506,6507,0
1623,1623,5608,5609,1
3148,3148,9085,9086,1
2983,2983,8628,8629,1
3152,3152,9097,9098,1
3777,3777,16329,16330,0
3088,3088,8918,8919,1
3902,3902,16639,16640,0
3384,3384,9715,9716,0
3407,3407,9761,9762,0
583,583,1555,1556,1
1625,1625,5612,5613,1
3499,3499,14732,14733,1
1629,1629,5623,5624,1
79,79,203,204,0
1491,1491,4962,4963,1
660,660,2232,2233,1
3774,3774,16323,16324,0
3730,3730,16225,16226,0
646,646,2204,2205,1
1934,1934,6332,6333,0
211,211,567,568,0
3160,3160,9115,9116,0
1625,1625,5612,5613,1
3357,3357,9592,9593,0
1758,1758,5933,5934,0
1863,1863,6186,6187,0
697,697,2335,2336,1
2539,2539,7560,7561,0
437,437,1133,1134,0
3737,3737,16239,16240,0
2753,2753,8023,8024,0
3147,3147,9083,9084,1
305,305,769,770,0
4011,4011,16936,16937,1
3205,3205,9246,9247,0
3455,3455,14317,14318,0
1624,1624,5610,5611,1
2066,2066,6600,6601,0
4149,4149,17306,17307,0
2528,2528,7538,7539,0
3640,3640,15968,15969,1
678,678,2293,2294,1
179,179,465,466,0
2919,2919,8486,8487,0
2959,2959,8572,8573,0
96,96,243,244,0
1635,1635,5640,5641,1
3002,3002,8687,8688,0
2983,2983,8628,8629,1
3125,3125,9009,9010,1
2214,2214,6903,6904,0
678,678,2293,2294,1
1634,1634,5637,5638,1
1376,1376,4098,4099,1
2611,2611,7704,7705,0
3125,3125,9009,9010,1
3638,3638,15964,15965,1
3761,3761,16293,16294,0
1931,1931,6326,6327,0
645,645,2202,2203,1
2347,2347,7169,7170,0
532,532,1453,1454,1
974,974,3172,3173,0
679,679,2295,2296,1
2336,2336,7147,7148,0
477,477,1343,1344,0
3088,3088,8918,8919,1
3499,3499,14732,14733,1
3008,3008,8699,8700,0
659,659,2230,2231,1
3157,3157,9107,9108,1
2032,2032,6531,6532,0
3443,3443,10493,10494,0
482,482,1353,1354,1
1640,1640,5654,5655,1
3353,3353,9584,9585,0
531,531,1451,1452,1
1630,1630,5626,5627,1
3125,3125,9009,9010,1
2537,2537,7556,7557,0
1626,1626,5614,5615,1
448,448,1170,1171,0
1637,1637,5648,5649,1
3156,3156,9105,9106,1
75,75,195,196,0
469,469,1327,1328,0
3585,3585,15835,15836,0
1626,1626,5614,5615,1
3908,3908,16685,16686,1
1640,1640,5654,5655,1
3975,3975,16847,16848,1
1635,1635,5640,5641,1
2477,2477,7436,7437,0
186,186,479,480,0
1557,1557,5251,5252,0
1491,1491,4962,4963,1
582,582,1553,1554,1
718,718,2393,2394,0
582,582,1553,1554,1
678,678,2293,2294,1
3180,3180,9167,9168,0
2782,2782,8088,8089,0
4062,4062,17041,17042,0
482,482,1353,1354,1
3064,3064,8833,8834,0
3150,3150,9089,9090,1
694,694,2326,2327,1
1602,1602,5560,5561,0
3156,3156,9105,9106,1
1628,1628,5621,5622,1
309,309,777,778,1
3493,3493,14479,14480,0
3499,3499,14732,14733,1
454,454,1293,1294,0
617,617,1623,1624,1
583,583,1555,1556,1
920,920,3047,3048,0
3636,3636,15960,15961,0
691,691,2320,2321,1
3004,3004,8691,8692,1
2857,2857,8274,8275,0
115,115,291,292,1
652,652,2216,2217,0
532,532,1453,1454,1
2360,2360,7195,7196,0
1702,1702,5799,5800,1
1988,1988,6442,6443,0
3108,3108,8973,8974,0
3065,3065,8836,8837,0
3147,3147,9083,9084,1
645,645,2202,2203,1
3152,3152,9097,9098,1
686,686,2309,2310,1
1633,1633,5635,5636,1
3154,3154,9101,9102,1
645,645,2202,2203,1
816,816,2619,2620,0
1630,1630,5626,5627,1
2307,2307,7089,7090,0
2316,2316,7107,7108,0
3000,3000,8683,8684,1
418,418,1047,1048,0
3157,3157,9107,9108,1
720,720,2397,2398,0
1266,1266,3877,3878,0
51,51,124,125,0
4159,4159,17326,17327,0
774,774,2530,2531,0
115,115,291,292,1
752,752,2472,2473,0
1635,1635,5640,5641,1
3146,3146,9071,9072,1
694,694,2326,2327,1
3157,3157,9107,9108,1
3698,3698,16152,16153,0
693,693,2324,2325,1
2982,2982,8626,8627,0
529,529,1447,1448,1
2759,2759,8035,8036,0
382,382,969,970,1
3812,3812,16407,16408,0
3975,3975,16847,16848,1
3125,3125,9009,9010,1
3639,3639,15966,15967,1
1603,1603,5562,5563,1
3560,3560,15781,15782,0
1631,1631,5630,5631,1
3586,3586,15837,15838,0
3004,3004,8691,8692,1
1283,1283,3911,3912,0
3332,3332,9539,9540,0
3975,3975,16847,16848,1
3743,3743,16253,16254,0
3499,3499,14732,14733,1
3338,3338,9551,9552,0
1641,1641,5656,5657,1
3527,3527,15695,15696,0
3986,3986,16872,16873,0
3189,3189,9186,9187,0
694,694,2326,2327,1
1635,1635,5640,5641,1
697,697,2335,2336,1
163,163,422,423,1
1627,1627,5616,5617,1
686,686,2309,2310,1
2973,2973,8600,8601,0
2636,2636,7778,7779,0
3146,3146,9071,9072,1
1207,1207,3758,3759,0
3238,3238,9316,9317,0
530,530,1449,1450,1
2634,2634,7774,7775,0
3088,3088,8918,8919,1
3811,3811,16405,16406,0
3000,3000,8683,8684,1
3663,3663,16054,16055,0
1631,1631,5630,5631,1
1635,1635,5640,5641,1
1576,1576,5348,5349,0
3955,3955,16798,16799,0
605,605,1599,1600,0
754,754,2476,2477,0
646,646,2204,2205,1
1376,1376,4098,4099,1
3667,3667,16062,16063,0
3148,3148,9085,9086,1
4005,4005,16911,16912,0
2063,2063,6594,6595,0
4035,4035,16985,16986,0
2602,2602,7686,7687,0
4093,4093,17133,17134,0
679,679,2295,2296,1
3120,3120,8998,8999,1
597,597,1583,1584,0
2974,2974,8602,8603,0
678,678,2293,2294,1
505,505,1399,1400,0
3513,3513,15661,15662,0
1628,1628,5621,5622,1
17,17,48,49,0
528,528,1445,1446,1
2451,2451,7382,7383,0
1744,1744,5902,5903,0
2170,2170,6815,6816,0
1625,1625,5612,5613,1
3154,3154,9101,9102,1
482,482,1353,1354,1
163,163,422,423,1
3731,3731,16227,16228,0
3975,3975,16847,16848,1
3975,3975,16847,16848,1
1100,1100,3488,3489,0
3640,3640,15968,15969,1
660,660,2232,2233,1
1376,1376,4098,4099,1
1638,1638,5650,5651,1
3148,3148,9085,9086,1
2925,2925,8498,8499,0
3157,3157,9107,9108,1
1929,1929,6322,6323,0
1637,1637,5648,5649,1
1410,1410,4166,4167,0
3695,3695,16146,16147,0
3936,3936,16747,16748,0
678,678,2293,2294,1
3156,3156,9105,9106,1
166,166,428,429,0
4126,4126,17213,17214,0
691,691,2320,2321,1
3681,3681,16112,16113,0
2180,2180,6835,6836,0
3499,3499,14732,14733,1
3148,3148,9085,9086,1
382,382,969,970,1
3000,3000,8683,8684,1
3676,3676,16093,16094,1
1637,1637,5648,5649,1
697,697,2335,2336,1
3640,3640,15968,15969,1
582,582,1553,1554,1
581,581,1551,1552,1
2427,2427,7329,7330,0
36,36,90,91,0
763,763,2494,2495,0
3639,3639,15966,15967,1
819,819,2625,2626,0
608,608,1605,1606,1
1624,1624,5610,5611,1
2983,2983,8628,8629,1
838,838,2667,2668,0
634,634,2180,2181,0
1623,1623,5608,5609,1
3640,3640,15968,15969,1
376,376,950,951,0
3346,3346,9568,9569,0
382,382,969,970,1
2876,2876,8350,8351,0
1630,1630,5626,5627,1
3152,3152,9097,9098,1
689,689,2316,2317,1
792,792,2566,2567,0
4024,4024,16963,16964,0
3848,3848,16488,16489,0
3129,3129,9017,9018,1
1963,1963,6390,6391,0
1630,1630,5626,5627,1
2983,2983,8628,8629,1
1637,1637,5648,5649,1
608,608,1605,1606,1
3126,3126,9011,9012,1
863,863,2718,2719,0
1624,1624,5610,5611,1
4011,4011,16936,16937,1
3975,3975,16847,16848,1
1248,1248,3841,3842,0
2547,2547,7576,7577,0
1311,1311,3967,3968,0
1376,1376,4098,4099,1
3000,3000,8683,8684,1
3150,3150,9089,9090,1
265,265,684,685,0
3640,3640,15968,15969,1
3975,3975,16847,16848,1
2766,2766,8050,8051,0
760,760,2488,2489,0
3019,3019,8721,8722,0
3150,3150,9089,9090,1
1286,1286,3917,3918,0
4252,4252,17536,17537,0
3804,3804,16390,16391,0
694,694,2326,2327,1
4251,4251,17534,17535,0
3236,3236,9312,9313,0
3543,3543,15739,15740,0
3806,3806,16395,16396,0
127,127,316,317,0
2090,2090,6648,6649,0
1626,1626,5614,5615,1
647,647,2206,2207,1
3638,3638,15964,15965,1
2497,2497,7476,7477,0
1336,1336,4018,4019,0
693,693,2324,2325,1
1558,1558,5253,5254,0
3120,3120,8998,8999,1
1603,1603,5562,5563,1
449,449,1172,1173,0
679,679,2295,2296,1
1633,1633,5635,5636,1
3499,3499,14732,14733,1
3975,3975,16847,16848,1
2967,2967,8588,8589,0
1556,1556,5249,5250,0
4011,4011,16936,16937,1
582,582,1553,1554,1
3152,3152,9097,9098,1
809,809,2600,2601,0
3676,3676,16093,16094,1
693,693,2324,2325,1
3152,3152,9097,9098,1
2737,2737,7990,7991,0
1563,1563,5322,5323,0
115,115,291,292,1
3908,3908,16685,16686,1
2650,2650,7812,7813,0
4177,4177,17378,17379,0
691,691,2320,2321,1
3381,3381,9709,9710,0
2698,2698,7911,7912,0
2319,2319,7113,7114,0
1639,1639,5652,5653,1
1376,1376,4098,4099,1
2359,2359,7193,7194,0
309,309,777,778,1
1101,1101,3490,3491,0
946,946,3111,3112,0
241,241,631,632,0
1217,1217,3779,3780,0
3129,3129,9017,9018,1
1339,1339,4024,4025,0
3148,3148,9085,9086,1
532,532,1453,1454,1
3088,3088,8918,8919,1
3481,3481,14405,14406,0
646,646,2204,2205,1
645,645,2202,2203,1
1626,1626,5614,5615,1
3639,3639,15966,15967,1
2159,2159,6792,6793,0
697,697,2335,2336,1
2073,2073,6614,6615,0
1633,1633,5635,5636,1
3979,3979,16857,16858,0
3152,3152,9097,9098,1
1754,1754,5925,5926,0
3146,3146,9071,9072,1
3617,3617,15902,15903,0
3146,3146,9071,9072,1
3869,3869,16548,16549,0
1925,1925,6314,6315,0
1117,1117,3522,3523,0
1261,1261,3867,3868,0
3987,3987,16874,16875,0
879,879,2792,2793,0
3146,3146,9071,9072,1
510,510,1409,1410,0
3401,3401,9749,9750,0
2608,2608,7698,7699,0
693,693,2324,2325,1
1462,1462,4900,4901,0
896,896,2894,2895,0
689,689,2316,2317,1
807,807,2596,2597,0
971,971,3161,3162,0
2983,2983,8628,8629,1
2988,2988,8654,8655,0
581,581,1551,1552,1
1980,1980,6425,6426,0
2929,2929,8506,8507,0
3544,3544,15741,15742,0
2200,2200,6875,6876,0
1702,1702,5799,5800,1
3126,3126,9011,9012,1
3661,3661,16047,16048,0
530,530,1449,1450,1
693,693,2324,2325,1
3192,3192,9196,9197,0
1499,1499,4979,4980,0
1532,1532,5167,5168,0
3043,3043,8789,8790,0
3912,3912,16693,16694,0
3157,3157,9107,9108,1
694,694,2326,2327,1
4011,4011,16936,16937,1
2741,2741,7998,7999,0
1638,1638,5650,5651,1
3854,3854,16505,16506,0
1702,1702,5799,5800,1
2015,2015,6496,6497,0
3152,3152,9097,9098,1
1084,1084,3456,3457,0
3148,3148,9085,9086,1
531,531,1451,1452,1
1024,1024,3283,3284,0
3625,3625,15938,15939,0
2151,2151,6770,6771,0
1444,1444,4731,4732,0
3395,3395,9737,9738,0
2756,2756,8029,8030,0
3499,3499,14732,14733,1
989,989,3205,3206,0
482,482,1353,1354,1
4181,4181,17386,17387,0
382,382,969,970,1
3953,3953,16785,16786,0
1603,1603,5562,5563,1
226,226,600,601,0
608,608,1605,1606,1
3277,3277,9415,9416,0
2160,2160,6794,6795,0
500,500,1389,1390,0
2924,2924,8496,8497,0
1625,1625,5612,5613,1
3126,3126,9011,9012,1
3908,3908,16685,16686,1
2416,2416,7307,7308,0
3120,3120,8998,8999,1
647,647,2206,2207,1
1627,1627,5616,5617,1
1628,1628,5621,5622,1
797,797,2576,2577,0
1623,1623,5608,5609,1
1627,1627,5616,5617,1
982,982,3188,3189,0
3075,3075,8858,8859,1
647,647,2206,2207,1
1491,1491,4962,4963,1
1641,1641,5656,5657,1
1628,1628,5621,5622,1
2013,2013,6492,6493,0
608,608,1605,1606,1
3017,3017,8717,8718,0
3154,3154,9101,9102,1
916,916,3039,3040,0
184,184,475,476,0
3129,3129,9017,9018,1
532,532,1453,1454,1
3147,3147,9083,9084,1
1625,1625,5612,5613,1
183,183,473,474,0
3147,3147,9083,9084,1
3640,3640,15968,15969,1
277,277,709,710,0
3499,3499,14732,14733,1
2646,2646,7804,7805,0
2437,2437,7354,7355,0
582,582,1553,1554,1
3590,3590,15845,15846,0
1047,1047,3345,3346,0
617,617,1623,1624,1
932,932,3082,3083,0
1321,1321,3988,3989,0
1366,1366,4078,4079,0
906,906,3019,3020,0
3606,3606,15880,15881,0
3397,3397,9741,9742,0
2515,2515,7512,7513,0
247,247,643,644,0
532,532,1453,1454,1
4188,4188,17400,17401,0
515,515,1419,1420,0
1635,1635,5640,5641,1
2581,2581,7644,7645,0
3418,3418,9783,9784,0
2212,2212,6899,6900,0
1839,1839,6137,6138,0
2007,2007,6480,6481,0
1625,1625,5612,5613,1
3075,3075,8858,8859,1
3120,3120,8998,8999,1
369,369,936,937,0
3154,3154,9101,9102,1
1928,1928,6320,6321,0
2797,2797,8118,8119,0
3956,3956,16803,16804,0
1624,1624,5610,5611,1
1017,1017,3269,3270,0
3156,3156,9105,9106,1
689,689,2316,2317,1
1442,1442,4727,4728,0
531,531,1451,1452,1
2215,2215,6905,6906,0
4218,4218,17462,17463,1
1639,1639,5652,5653,1
3638,3638,15964,15965,1
693,693,2324,2325,1
691,691,2320,2321,1
431,431,1121,1122,0
2942,2942,8532,8533,0
617,617,1623,1624,1
1635,1635,5640,5641,1
1267,1267,3879,3880,0
3006,3006,8695,8696,0
3069,3069,8844,8845,0
693,693,2324,2325,1
3150,3150,9089,9090,1
466,466,1321,1322,0
1369,1369,4084,4085,0
972,972,3167,3168,0
1702,1702,5799,5800,1
666,666,2251,2252,0
697,697,2335,2336,1
1491,1491,4962,4963,1
1491,1491,4962,4963,1
1658,1658,5690,5691,0
3482,3482,14408,14409,0
3359,3359,9596,9597,0
1624,1624,5610,5611,1
2046,2046,6560,6561,0
3352,3352,9582,9583,0
351,351,899,900,0
1998,1998,6462,6463,0
1160,1160,3625,3626,0
443,443,1146,1147,0
693,693,2324,2325,1
3037,3037,8777,8778,0
163,163,422,423,1
3004,3004,8691,8692,1
115,115,291,292,1
3000,3000,8683,8684,1
3619,3619,15926,15927,0
1640,1640,5654,5655,1
115,115,291,292,1
1640,1640,5654,5655,1
1238,1238,3821,3822,0
482,482,1353,1354,1
309,309,777,778,1
3441,3441,10489,10490,0
382,382,969,970,1
3692,3692,16140,16141,0
1053,1053,3366,3367,0
4218,4218,17462,17463,1
528,528,1445,1446,1
2265,2265,7005,7006,0
646,646,2204,2205,1
3152,3152,9097,9098,1
35,35,88,89,0
482,482,1353,1354,1
540,540,1469,1470,0
3975,3975,16847,16848,1
1641,1641,5656,5657,1
608,608,1605,1606,1
1082,1082,3452,3453,0
2179,2179,6833,6834,0
3126,3126,9011,9012,1
3188,3188,9184,9185,0
3261,3261,9366,9367,0
1625,1625,5612,5613,1
2124,2124,6716,6717,0
2885,2885,8392,8393,0
1642,1642,5658,5659,1
664,664,2247,2248,0
3919,3919,16707,16708,0
608,608,1605,1606,1
3152,3152,9097,9098,1
3120,3120,8998,8999,1
1897,1897,6256,6257,0
608,608,1605,1606,1
1634,1634,5637,5638,1
3398,3398,9743,9744,0
3399,3399,9745,9746,0
617,617,1623,1624,1
1634,1634,5637,5638,1
1813,1813,6065,6066,0
2224,2224,6923,6924,0
3638,3638,15964,15965,1
1711,1711,5831,5832,0
2465,2465,7410,7411,0
3378,3378,9703,9704,0
2424,2424,7323,7324,0
1606,1606,5568,5569,0
3301,3301,9466,9467,0
3126,3126,9011,9012,1
712,712,2381,2382,0
1450,1450,4873,4874,0
645,645,2202,2203,1
1641,1641,5656,5657,1
608,608,1605,1606,1
3874,3874,16560,16561,0
3129,3129,9017,9018,1
3516,3516,15667,15668,0
307,307,773,774,0
3639,3639,15966,15967,1
531,531,1451,1452,1
645,645,2202,2203,1
1633,1633,5635,5636,1
1112,1112,3512,3513,0
4218,4218,17462,17463,1
3146,3146,9071,9072,1
3000,3000,8683,8684,1
1624,1624,5610,5611,1
646,646,2204,2205,1
1282,1282,3909,3910,0
1315,1315,3976,3977,0
528,528,1445,1446,1
2983,2983,8628,8629,1
646,646,2204,2205,1
482,482,1353,1354,1
3759,3759,16289,16290,0
1641,1641,5656,5657,1
128,128,318,319,0
309,309,777,778,1
534,534,1457,1458,0
159,159,414,415,0
697,697,2335,2336,1
3129,3129,9017,9018,1
3676,3676,16093,16094,1
3147,3147,9083,9084,1
91,91,230,231,0
4011,4011,16936,16937,1
1641,1641,5656,5657,1
382,382,969,970,1
3639,3639,15966,15967,1
2462,2462,7404,7405,0
914,914,3035,3036,0
1090,1090,3468,3469,0
1206,1206,3756,3757,0
3550,3550,15758,15759,0
617,617,1623,1624,1
3790,3790,16360,16361,0
1152,1152,3609,3610,0
2801,2801,8126,8127,0
1625,1625,5612,5613,1
3147,3147,9083,9084,1
4218,4218,17462,17463,1
1223,1223,3791,3792,0
3147,3147,9083,9084,1
617,617,1623,1624,1
526,526,1441,1442,0
1996,1996,6458,6459,0
646,646,2204,2205,1
1627,1627,5616,5617,1
1630,1630,5626,5627,1
3391,3391,9729,9730,0
1625,1625,5612,5613,1
1491,1491,4962,4963,1
3156,3156,9105,9106,1
1592,1592,5529,5530,0
3499,3499,14732,14733,1
693,693,2324,2325,1
2243,2243,6961,6962,0
3779,3779,16333,16334,0
3640,3640,15968,15969,1
725,725,2407,2408,0
1633,1633,5635,5636,1
2786,2786,8096,8097,0
3260,3260,9363,9364,0
528,528,1445,1446,1
686,686,2309,2310,1
617,617,1623,1624,1
266,266,686,687,0
1063,1063,3386,3387,0
3129,3129,9017,9018,1
4001,4001,16903,16904,0
430,430,1119,1120,0
1600,1600,5545,5546,0
2281,2281,7037,7038,0
2403,2403,7281,7282,0
2247,2247,6969,6970,0
645,645,2202,2203,1
3120,3120,8998,8999,1
1624,1624,5610,5611,1
2685,2685,7885,7886,0
3588,3588,15841,15842,0
1702,1702,5799,5800,1
2829,2829,8205,8206,0
163,163,422,423,1
1641,1641,5656,5657,1
1917,1917,6298,6299,0
1666,1666,5712,5713,0
267,267,688,689,0
23,23,61,62,0
1876,1876,6212,6213,0
1630,1630,5626,5627,1
482,482,1353,1354,1
2291,2291,7057,7058,0
3210,3210,9256,9257,0
810,810,2602,2603,0
727,727,2422,2423,0
4027,4027,16969,16970,0
1629,1629,5623,5624,1
1019,1019,3273,3274,0
1491,1491,4962,4963,1
3693,3693,16142,16143,0
691,691,2320,2321,1
2692,2692,7899,7900,0
1626,1626,5614,5615,1
2862,2862,8285,8286,0
529,529,1447,1448,1
636,636,2184,2185,0
3908,3908,16685,16686,1
694,694,2326,2327,1
2966,2966,8586,8587,0
3499,3499,14732,14733,1
3355,3355,9588,9589,0
1472,1472,4921,4922,0
1104,1104,3496,3497,0
3327,3327,9528,9529,0
617,617,1623,1624,1
735,735,2438,2439,0
1638,1638,5650,5651,1
1640,1640,5654,5655,1
686,686,2309,2310,1
1961,1961,6386,6387,0
1822,1822,6103,6104,0
3147,3147,9083,9084,1
1626,1626,5614,5615,1
321,321,801,802,0
309,309,777,778,1
617,617,1623,1624,1
3000,3000,8683,8684,1
4241,4241,17511,17512,0
3146,3146,9071,9072,1
2473,2473,7428,7429,0
694,694,2326,2327,1
322,322,805,806,0
327,327,815,816,0
1544,1544,5193,5194,0
3126,3126,9011,9012,1
3156,3156,9105,9106,1
2700,2700,7915,7916,0
309,309,777,778,1
1795,1795,6024,6025,0
2219,2219,6913,6914,0
1640,1640,5654,5655,1
1382,1382,4110,4111,0
3129,3129,9017,9018,1
2225,2225,6925,6926,0
3148,3148,9085,9086,1
583,583,1555,1556,1
691,691,2320,2321,1
1719,1719,5847,5848,0
617,617,1623,1624,1
3640,3640,15968,15969,1
1628,1628,5621,5622,1
1068,1068,3396,3397,0
531,531,1451,1452,1
1626,1626,5614,5615,1
2643,2643,7798,7799,0
3126,3126,9011,9012,1
697,697,2335,2336,1
689,689,2316,2317,1
2999,2999,8677,8678,0
531,531,1451,1452,1
3125,3125,9009,9010,1
3567,3567,15795,15796,0
2210,2210,6895,6896,0
3835,3835,16454,16455,0
2423,2423,7321,7322,0
1062,1062,3384,3385,0
3156,3156,9105,9106,1
4218,4218,17462,17463,1
482,482,1353,1354,1
3435,3435,10476,10477,0
689,689,2316,2317,1
2934,2934,8516,8517,0
4114,4114,17187,17188,0
646,646,2204,2205,1
82,82,209,210,0
872,872,2736,2737,0
1102,1102,3492,3493,0
660,660,2232,2233,1
686,686,2309,2310,1
3336,3336,9547,9548,0
3156,3156,9105,9106,1
3342,3342,9559,9560,0
691,691,2320,2321,1
617,617,1623,1624,1
660,660,2232,2233,1
3749,3749,16269,16270,0
162,162,420,421,0
531,531,1451,1452,1
3129,3129,9017,9018,1
1627,1627,5616,5617,1
190,190,515,516,0
3867,3867,16544,16545,0
645,645,2202,2203,1
2713,2713,7941,7942,0
4222,4222,17470,17471,0
3842,3842,16469,16470,0
1637,1637,5648,5649,1
3676,3676,16093,16094,1
659,659,2230,2231,1
3753,3753,16277,16278,0
689,689,2316,2317,1
57,57,136,137,0
482,482,1353,1354,1
4218,4218,17462,17463,1
309,309,777,778,1
3923,3923,16715,16716,0
581,581,1551,1552,1
2719,2719,7953,7954,0
3146,3146,9071,9072,1
1871,1871,6202,6203,0
309,309,777,778,1
1623,1623,5608,5609,1
1626,1626,5614,5615,1
2382,2382,7239,7240,0
3975,3975,16847,16848,1
2870,2870,8307,8308,0
3075,3075,8858,8859,1
3148,3148,9085,9086,1
482,482,1353,1354,1
689,689,2316,2317,1
3147,3147,9083,9084,1
4018,4018,16951,16952,0
3157,3157,9107,9108,1
3676,3676,16093,16094,1
3666,3666,16060,16061,0
3126,3126,9011,9012,1
659,659,2230,2231,1
2799,2799,8122,8123,0
2572,2572,7626,7627,0
3413,3413,9773,9774,0
561,561,1511,1512,0
542,542,1473,1474,0
2749,2749,8015,8016,0
1890,1890,6242,6243,0
3164,3164,9126,9127,0
1633,1633,5635,5636,1
4190,4190,17404,17405,0
2203,2203,6881,6882,0
3146,3146,9071,9072,1
697,697,2335,2336,1
583,583,1555,1556,1
846,846,2684,2685,0
3281,3281,9423,9424,0
111,111,283,284,0
387,387,979,980,0
4142,4142,17285,17286,0
1626,1626,5614,5615,1
2955,2955,8564,8565,0
665,665,2249,2250,0
1156,1156,3617,3618,0
1642,1642,5658,5659,1
659,659,2230,2231,1
502,502,1393,1394,0
2635,2635,7776,7777,0
1639,1639,5652,5653,1
1032,1032,3315,3316,0
2567,2567,7616,7617,0
4211,4211,17448,17449,0
530,530,1449,1450,1
2816,2816,8168,8169,0
647,647,2206,2207,1
3908,3908,16685,16686,1
1869,1869,6198,6199,0
817,817,2621,2622,0
467,467,1323,1324,0
532,532,1453,1454,1
697,697,2335,2336,1
691,691,2320,2321,1
1251,1251,3847,3848,0
530,530,1449,1450,1
2903,2903,8431,8432,0
284,284,723,724,0
532,532,1453,1454,1
1638,1638,5650,5651,1
1642,1642,5658,5659,1
2255,2255,6985,6986,0
530,530,1449,1450,1
582,582,1553,1554,1
717,717,2391,2392,0
583,583,1555,1556,1
115,115,291,292,1
3120,3120,8998,8999,1
1702,1702,5799,5800,1
1284,1284,3913,3914,0
3479,3479,14381,14382,0
1491,1491,4962,4963,1
3330,3330,9534,9535,0
2677,2677,7869,7870,0
2907,2907,8444,8445,0
3031,3031,8753,8754,0
598,598,1585,1586,0
1358,1358,4062,4063,0
3147,3147,9083,9084,1
678,678,2293,2294,1
3146,3146,9071,9072,1
1922,1922,6308,6309,0
1642,1642,5658,5659,1
242,242,633,634,0
4201,4201,17426,17427,0
3126,3126,9011,9012,1
689,689,2316,2317,1
1388,1388,4122,4123,0
3942,3942,16760,16761,0
4074,4074,17068,17069,0
1222,1222,3789,3790,0
1634,1634,5637,5638,1
3150,3150,9089,9090,1
386,386,977,978,0
2983,2983,8628,8629,1
1628,1628,5621,5622,1
3975,3975,16847,16848,1
1702,1702,5799,5800,1
4025,4025,16965,16966,0
1022,1022,3279,3280,0
3676,3676,16093,16094,1
1630,1630,5626,5627,1
4216,4216,17458,17459,0
686,686,2309,2310,1
3147,3147,9083,9084,1
2439,2439,7358,7359,0
581,581,1551,1552,1
3639,3639,15966,15967,1
516,516,1421,1422,0
450,450,1174,1175,0
309,309,777,778,1
2279,2279,7033,7034,0
745,745,2458,2459,0
229,229,606,607,0
1625,1625,5612,5613,1
3129,3129,9017,9018,1
3075,3075,8858,8859,1
1649,1649,5672,5673,0
697,697,2335,2336,1
531,531,1451,1452,1
1603,1603,5562,5563,1
3070,3070,8848,8849,0
621,621,1639,1640,0
3727,3727,16215,16216,0
694,694,2326,2327,1
415,415,1041,1042,0
1769,1769,5955,5956,0
645,645,2202,2203,1
1263,1263,3871,3872,0
1301,1301,3947,3948,0
1085,1085,3458,3459,0
1640,1640,5654,5655,1
531,531,1451,1452,1
3345,3345,9565,9566,0
1627,1627,5616,5617,1
2120,2120,6708,6709,0
813,813,2613,2614,0
1637,1637,5648,5649,1
660,660,2232,2233,1
3156,3156,9105,9106,1
882,882,2798,2799,0
1623,1623,5608,5609,1
482,482,1353,1354,1
3154,3154,9101,9102,1
3734,3734,16233,16234,0
457,457,1303,1304,0
2960,2960,8574,8575,0
2544,2544,7570,7571,0
686,686,2309,2310,1
1623,1623,5608,5609,1
1635,1635,5640,5641,1
4134,4134,17250,17251,0
2983,2983,8628,8629,1
686,686,2309,2310,1
3501,3501,15288,15289,0
617,617,1623,1624,1
581,581,1551,1552,1
3181,3181,9169,9170,0
2772,2772,8066,8067,0
582,582,1553,1554,1
2835,2835,8218,8219,0
3146,3146,9071,9072,1
1624,1624,5610,5611,1
647,647,2206,2207,1
3183,3183,9173,9174,0
72,72,189,190,0
3075,3075,8858,8859,1
1667,1667,5715,5716,0
309,309,777,778,1
474,474,1337,1338,0
1634,1634,5637,5638,1
2245,2245,6965,6966,0
1749,1749,5912,5913,0
532,532,1453,1454,1
163,163,422,423,1
3870,3870,16550,16551,0
686,686,2309,2310,1
3499,3499,14732,14733,1
163,163,422,423,1
3245,3245,9331,9332,0
529,529,1447,1448,1
28,28,74,75,0
1625,1625,5612,5613,1
679,679,2295,2296,1
3985,3985,16870,16871,0
3873,3873,16556,16557,0
3676,3676,16093,16094,1
1627,1627,5616,5617,1
3156,3156,9105,9106,1
1623,1623,5608,5609,1
3075,3075,8858,8859,1
1137,1137,3564,3565,0
678,678,2293,2294,1
3156,3156,9105,9106,1
1623,1623,5608,5609,1
3640,3640,15968,15969,1
964,964,3147,3148,0
1332,1332,4010,4011,0
2850,2850,8248,8249,0
3975,3975,16847,16848,1
583,583,1555,1556,1
1143,1143,3591,3592,0
1631,1631,5630,5631,1
660,660,2232,2233,1
3458,3458,14323,14324,0
1627,1627,5616,5617,1
1491,1491,4962,4963,1
841,841,2673,2674,0
2407,2407,7289,7290,0
530,530,1449,1450,1
686,686,2309,2310,1
1641,1641,5656,5657,1
3975,3975,16847,16848,1
3639,3639,15966,15967,1
3723,3723,16207,16208,0
2446,2446,7372,7373,0
348,348,893,894,0
3157,3157,9107,9108,1
1642,1642,5658,5659,1
1219,1219,3783,3784,0
877,877,2788,2789,0
3373,3373,9693,9694,0
482,482,1353,1354,1
3274,3274,9393,9394,0
647,647,2206,2207,1
1635,1635,5640,5641,1
3262,3262,9368,9369,0
3494,3494,14481,14482,0
1635,1635,5640,5641,1
3611,3611,15890,15891,0
1625,1625,5612,5613,1
1376,1376,4098,4099,1
3120,3120,8998,8999,1
1639,1639,5652,5653,1
52,52,126,127,0
3908,3908,16685,16686,1
3126,3126,9011,9012,1
473,473,1335,1336,0
2145,2145,6758,6759,0
3098,3098,8952,8953,0
2540,2540,7562,7563,0
1635,1635,5640,5641,1
1384,1384,4114,4115,0
3530,3530,15702,15703,0
2112,2112,6692,6693,0
1633,1633,5635,5636,1
691,691,2320,2321,1
3129,3129,9017,9018,1
2213,2213,6901,6902,0
1127,1127,3542,3543,0
185,185,477,478,0
1624,1624,5610,5611,1
617,617,1623,1624,1
3125,3125,9009,9010,1
1718,1718,5845,5846,0
1634,1634,5637,5638,1
4004,4004,16909,16910,0
803,803,2588,2589,0
2661,2661,7837,7838,0
628,628,1670,1671,0
3117,3117,8991,8992,0
3492,3492,14477,14478,0
3935,3935,16745,16746,0
784,784,2550,2551,0
309,309,777,778,1
694,694,2326,2327,1
830,830,2647,2648,0
1630,1630,5626,5627,1
2710,2710,7935,7936,0
3000,3000,8683,8684,1
3763,3763,16300,16301,0
3362,3362,9602,9603,0
335,335,864,865,0
1640,1640,5654,5655,1
1418,1418,4182,4183,0
2348,2348,7171,7172,0
3975,3975,16847,16848,1
3895,3895,16619,16620,0
286,286,731,732,0
163,163,422,423,1
2300,2300,7075,7076,0
1134,1134,3558,3559,0
261,261,671,672,0
213,213,571,572,0
2315,2315,7105,7106,0
1740,1740,5894,5895,0
795,795,2572,2573,0
2263,2263,7001,7002,0
2169,2169,6813,6814,0
3156,3156,9105,9106,1
1640,1640,5654,5655,1
3157,3157,9107,9108,1
710,710,2377,2378,0
3088,3088,8918,8919,1
3505,3505,15306,15307,0
1376,1376,4098,4099,1
529,529,1447,1448,1
691,691,2320,2321,1
908,908,3023,3024,0
1635,1635,5640,5641,1
1631,1631,5630,5631,1
955,955,3129,3130,0
3284,3284,9429,9430,0
1628,1628,5621,5622,1
793,793,2568,2569,0
4096,4096,17139,17140,0
2796,2796,8116,8117,0
3558,3558,15774,15775,0
1751,1751,5916,5917,0
1630,1630,5626,5627,1
1626,1626,5614,5615,1
645,645,2202,2203,1
1637,1637,5648,5649,1
2391,2391,7257,7258,0
4011,4011,16936,16937,1
3126,3126,9011,9012,1
2548,2548,7578,7579,0
2190,2190,6855,6856,0
645,645,2202,2203,1
4218,4218,17462,17463,1
1491,1491,4962,4963,1
3389,3389,9725,9726,0
3004,3004,8691,8692,1
